[
    {
        "ID": "52b491ef-a476-4070-8158-5a7503190eff",
        "DocumentID": 16,
        "PassageID": "FOREIGN ACCOUNT TAX COMPLIANCE REGULATIONS 2022",
        "Passage": "\nRegulations to make provision for the implementation of the exchange of information in relation to taxation related matters pursuant to an intergovernmental agreement between the United Arab Emirates and the United States of America regarding the Foreign Account Tax Compliance Act (FATCA).\nDate of Enactment: 14 December 2022\nThe Board of Directors of the Abu Dhabi Global Market, in exercise of its powers under Article 6(1) of Law No. 4 of 2013 concerning the Abu Dhabi Global Market issued by His Highness the Ruler of the Emirate of Abu Dhabi, hereby enacts the following Regulations\u2013"
    },
    {
        "ID": "999c66bc-8f2f-4d39-84cd-985e653efeea",
        "DocumentID": 16,
        "PassageID": "Part 1",
        "Passage": "Introduction"
    },
    {
        "ID": "44c499fe-d4bd-4ab5-b9cf-32b9b149f2e1",
        "DocumentID": 16,
        "PassageID": "Part 1.1.",
        "Passage": "Definitions"
    },
    {
        "ID": "16bc4874-b7f1-4796-9ca1-959da204519d",
        "DocumentID": 16,
        "PassageID": "Part 1.1.(1)",
        "Passage": "In these Regulations capitalised terms will bear the meaning given to them in the Cabinet Resolution, unless otherwise defined below or the context otherwise requires.\n\n/Table Start\nADGM\tmeans the Abu Dhabi Global Market.\nADGM Court\tmeans the Abu Dhabi Global Market court of first instance established under Abu Dhabi Law No. 4 of 2013.\nCabinet Resolution\tmeans the UAE\u2019s Cabinet of Ministers Resolution No. 63 of 2022 concerning the implementation of Federal Decree No. 9 of 2016 ratifying the IGA, as may be amended from time to time.\nDesignated Officer\tmeans any person, or delegate of that person, appointed by the Regulatory Authority pursuant to the provisions of subsection 5(3).\nGovernment \tmeans the federal government of the UAE.\nIGA\tmeans the intergovernmental Agreement entered into between the United Arab Emirates and the United States of America on 17 June 2015, as may be amended from time to time.\nRegulatory Authority\tmeans the ADGM Financial Services Regulatory Authority.\nUAE\tmeans the United Arab Emirates.\n/Table End\n"
    },
    {
        "ID": "3b5c4941-a3c2-42c2-9834-48d37122a7a3",
        "DocumentID": 16,
        "PassageID": "Part 1.2.",
        "Passage": "Application"
    },
    {
        "ID": "d38a6084-87a2-46f3-a038-421b1b8c50de",
        "DocumentID": 16,
        "PassageID": "Part 1.2.(1)",
        "Passage": "The Cabinet Resolution applies in the ADGM pursuant to these Regulations."
    },
    {
        "ID": "287bb8ab-b36b-4691-9afa-daa4f08feb72",
        "DocumentID": 16,
        "PassageID": "Part 1.2.(2)",
        "Passage": "Any Account Holder, Controlling Person, and Financial Institution subject to the supervision of the Regulatory Authority for purposes of the Cabinet Resolution and these Regulations shall comply with the Cabinet Resolution and these Regulations."
    },
    {
        "ID": "b59795d0-ecfe-443e-b137-df7ecc34acf3",
        "DocumentID": 16,
        "PassageID": "Part 1.2.(3)",
        "Passage": "A contravention of the Cabinet Resolution shall constitute a contravention of these Regulations.\n\n"
    },
    {
        "ID": "8236cdf7-1297-417a-b9d6-4940a1028c93",
        "DocumentID": 16,
        "PassageID": "Part 1.3.",
        "Passage": "Status of Competent Authority publications and material"
    },
    {
        "ID": "37fb28d2-7989-47b1-becf-e003bbee215d",
        "DocumentID": 16,
        "PassageID": "Part 1.3.(1)",
        "Passage": "For the purposes of these Regulations, any explanatory material and guidance issued by the Competent Authority for the purpose of assisting with the implementation of the IGA and the Cabinet Resolution is integral to giving effect to the IGA and Cabinet Resolution and accordingly forms the required rights and obligations under these Regulations.\n"
    },
    {
        "ID": "6abf2837-1b8c-4c7a-9140-72b9ced9b70b",
        "DocumentID": 16,
        "PassageID": "Part 2",
        "Passage": "Role and Powers of the Regulatory Authority"
    },
    {
        "ID": "a633ec1f-f327-4371-8af5-3686d54a8920",
        "DocumentID": 16,
        "PassageID": "Part 2.4.",
        "Passage": "Role and powers of the Regulatory Authority"
    },
    {
        "ID": "e926a736-a44d-4edf-b0cb-3a3a5ea1485c",
        "DocumentID": 16,
        "PassageID": "Part 2.4.(1)",
        "Passage": "The Regulatory Authority is designated as the Regulatory Authority for the ADGM, for the purposes of the Cabinet Resolution, and has such functions and powers as are conferred, or expressed to be conferred, on it:\n(a)\t     by or under these Regulations;\n(b)\tby or under the Cabinet Resolution;\n(c)\tby any other instrument or enactment issued by the ADGM Board of Directors; and\n(d)\tby the Competent Authority or the Government from time to time."
    },
    {
        "ID": "6dbdaf6f-5008-4015-b921-314be255536a",
        "DocumentID": 16,
        "PassageID": "Part 2.4.(2)",
        "Passage": "The Regulatory Authority has the power to do whatever it deems necessary for or in connection with, or reasonably incidental to, performing its functions and exercising its powers granted under these Regulations or the Cabinet Resolution, inclusive of but not limited to:\n(a)\tissuing guidance and directives pursuant thereto; and\n(b)\tdelegating its duties and powers under these Regulations or the Cabinet Resolution to Designated Officers.\n\n"
    },
    {
        "ID": "81cdb0a5-b1fc-47c7-928c-43f4a08d0690",
        "DocumentID": 16,
        "PassageID": "Part 2.5.",
        "Passage": "Powers of inspection and investigation"
    },
    {
        "ID": "97af8dbe-a0c4-43cf-97b7-2e6760cb9478",
        "DocumentID": 16,
        "PassageID": "Part 2.5.(1)",
        "Passage": "Without prejudice to the powers of inspection and investigation set out in the Cabinet Resolution, the Regulatory Authority may:\n(a)\trequire any Account Holder, Controlling Person or Financial Institution to provide records, information, explanations and particulars and to give all the required assistance which the Regulatory Authority may reasonably require in connection with the administration or enforcement of these Regulations;\n(b)\tby notice in writing, require any Account Holder, Controlling Person or Financial Institution to provide to the Regulatory Authority such information as the Regulatory Authority may reasonably require for any purpose relating to the administration or enforcement of these Regulations, such information to be provided or produced before the end of such reasonable period as may be set out in the relevant notice;\n(c)\trequest information from and, at all reasonable times, enter any premises or place of business of a Financial Institution for the purposes of:\n(i)\tassessing compliance with these Regulations;\n(ii)\tdetermining whether information included in an information return made under these Regulations is correct and complete and whether information not included in an information return was correctly not included; and/or\n(iii)\texamining the systems and internal procedures put in place by a Reporting UAE Financial Institution for the purposes of ensuring compliance with that entity\u2019s obligations under these Regulations."
    },
    {
        "ID": "27165181-5ffa-4b26-8751-443b03c543a4",
        "DocumentID": 16,
        "PassageID": "Part 2.5.(2)",
        "Passage": "The Regulatory Authority may request information from any Account Holder or Controlling Person including, but not limited to, Accounting Records and all other records held in connection with the information or certifications provided to a Financial Institution, and the Regulatory Authority may ask the Financial Institution to assist it to obtain such information or records from Account Holders and Controlling Persons."
    },
    {
        "ID": "85afa3d3-596b-4ab5-b0b9-a35e62c7de69",
        "DocumentID": 16,
        "PassageID": "Part 2.5.(3)",
        "Passage": "The Regulatory Authority may appoint Designated Officers to assist it in inspections performed at the premises of Financial Institutions pursuant to the provisions of subsections 5(1) and (2) and to submit such written reports in respect thereof as the Regulatory Authority may direct."
    },
    {
        "ID": "eab1ccab-d538-4877-8133-fa2098c06808",
        "DocumentID": 16,
        "PassageID": "Part 2.5.(4)",
        "Passage": "The Regulatory Authority may require a Financial Institution to produce a report and/or appoint a skilled person to produce a report."
    },
    {
        "ID": "310f5887-8a00-442b-8bd2-668271e49b41",
        "DocumentID": 16,
        "PassageID": "Part 2.5.(5)",
        "Passage": "For the purposes of subsection 5(4), sections 203 and 204 of the Financial Services and Markets Regulations 2015 shall apply in relation to requiring a report or appointing a skilled person to produce a report (as the case may be). A Financial Institution shall be read as falling within the scope of \u201cA\u201d for the purposes of the application of those sections."
    },
    {
        "ID": "1c0bee8c-b66a-4706-a7bf-081ea2f55590",
        "DocumentID": 16,
        "PassageID": "Part 2.5.(6)",
        "Passage": "The Regulatory Authority may commence an investigation in relation to a Financial Institution."
    },
    {
        "ID": "61509db3-f01d-4dcd-a257-9ee809dd0d32",
        "DocumentID": 16,
        "PassageID": "Part 2.5.(7)",
        "Passage": "For the purposes of subsection 5(6), sections 205 to 215 and section 217 of the Financial Services and Markets Regulations 2015 shall apply in relation to commencement and conduct of an investigation by the Regulatory Authority of a Financial Institution.\n"
    },
    {
        "ID": "0a453fef-49d6-4381-b83b-d3f68b66c815",
        "DocumentID": 16,
        "PassageID": "Part 3",
        "Passage": "Reporting and Record keeping"
    },
    {
        "ID": "384185d5-e407-452c-a6cc-2ca91df3d960",
        "DocumentID": 16,
        "PassageID": "Part 3.6.",
        "Passage": "Collecting and reporting information"
    },
    {
        "ID": "d6116d9d-4624-42de-96d9-72fad66f2e0f",
        "DocumentID": 16,
        "PassageID": "Part 3.6.(1)",
        "Passage": "Each Reporting UAE Financial Institution shall collect and report all information in accordance with the Cabinet Resolution and these Regulations."
    },
    {
        "ID": "f47c19af-9f6b-416c-b37e-737063ae6ed5",
        "DocumentID": 16,
        "PassageID": "Part 3.6.(2)",
        "Passage": "Each Reporting UAE Financial Institution shall establish and implement appropriate systems and internal procedures to enable its compliance with the Cabinet Resolution and these Regulations."
    },
    {
        "ID": "409e8271-b415-4ee1-8df4-233c2712de58",
        "DocumentID": 16,
        "PassageID": "Part 3.7.",
        "Passage": "Record keeping"
    },
    {
        "ID": "ce3777af-1b1f-4e88-82a2-daac5f19d77d",
        "DocumentID": 16,
        "PassageID": "Part 3.7.(1)",
        "Passage": "Every Reporting UAE Financial Institution shall keep records of the steps undertaken and any evidence relied upon for the performance of the due diligence procedures and the measures to obtain those records that the Reporting UAE Financial Institution obtains or creates for the purpose of complying with the Cabinet Resolution and these Regulations."
    },
    {
        "ID": "072df60e-d5ac-4352-8041-8b8155d17f2b",
        "DocumentID": 16,
        "PassageID": "Part 3.7.(2)",
        "Passage": "Every Reporting UAE Financial Institution that is required to keep, obtain or create records under these Regulations shall retain those records for a period of at least six (6) years after the date of reporting to the Regulatory Authority."
    },
    {
        "ID": "f1259726-ff5e-4b62-81b8-093f23f45119",
        "DocumentID": 16,
        "PassageID": "Part 3.7.(3)",
        "Passage": "Every Reporting UAE Financial Institution required by these Regulations to keep records that does so electronically shall retain them in an electronically readable format for the retention period of six (6) years after the date of reporting it to the Regulatory Authority."
    },
    {
        "ID": "2f625184-9c70-4f6b-8134-cd72987c8a4a",
        "DocumentID": 16,
        "PassageID": "Part 3.7.(4)",
        "Passage": "Every Reporting UAE Financial Institution that obtains or creates records, as required under these Regulations, in a language other than English shall, upon request, provide an English translation to the Regulatory Authority.\n"
    },
    {
        "ID": "98e8fa46-27d0-40a1-a858-109058faacdd",
        "DocumentID": 16,
        "PassageID": "Part 4",
        "Passage": "Penalties and contraventions"
    },
    {
        "ID": "d075b017-5773-4ab7-a9bd-07c50977d5bd",
        "DocumentID": 16,
        "PassageID": "Part 4.8.",
        "Passage": "Power to prescribe penalties and procedures"
    },
    {
        "ID": "9038392a-816d-4f0d-97a4-0ce14a152186",
        "DocumentID": 16,
        "PassageID": "Part 4.8.(1)",
        "Passage": "The Regulatory Authority may prescribe:\n(a)\tpenalties and administrative fees and other sanctions in addition to the penalties and administrative sanctions stipulated in the Cabinet Resolution; and\n(b)\tforms and additional procedures in relation to:\n(i)\tthe imposition and recovery of penalties and administrative fees imposed pursuant to these Regulations (including those stipulated in the Cabinet Resolution);\n(ii)\tthe enforcement of actions required by the Regulatory Authority pursuant to these Regulations; and\n(iii)\tany objection or right of appeal in respect of any penalties or administrative fees or action required or the enforcement thereof.\n\n"
    },
    {
        "ID": "548a5ff6-d2c6-4954-8aa3-40008d11b7c2",
        "DocumentID": 16,
        "PassageID": "Part 4.9.",
        "Passage": "Penalties, sanctions and appeal"
    },
    {
        "ID": "df18fc08-6c75-4467-ae55-c4ca312e2553",
        "DocumentID": 16,
        "PassageID": "Part 4.9.(1)",
        "Passage": "An Account Holder, Controlling Person or Financial Institution who:\n(a)\tdoes an act or thing that is prohibited under the Cabinet Resolution or these Regulations;\n(b)\tdoes not do an act or thing that is required under the Cabinet Resolution or these Regulations; or\n(c)\totherwise contravenes the Cabinet Resolution or these Regulations,\ncommits a contravention of the Cabinet Resolution and these Regulations and is liable to the penalties and administrative sanctions set out in the Cabinet Resolution, and any other penalty or administrative fee or sanction that may be imposed by the Regulatory Authority pursuant to subsection 8(1)(a)."
    },
    {
        "ID": "f15220c7-2553-49a9-a04e-a8c8ac7d76f6",
        "DocumentID": 16,
        "PassageID": "Part 4.9.(2)",
        "Passage": "Any appeal against any penalty or fee or sanction imposed pursuant to subsection 9(1) must be raised pursuant to the relevant provisions of the Cabinet Resolution."
    },
    {
        "ID": "fcf3a267-c027-45ad-a081-3e90f579f56f",
        "DocumentID": 16,
        "PassageID": "Part 4.9.(3)",
        "Passage": "For the purposes of any further appeal to a competent court pursuant to the Cabinet Resolution, an application for judicial review of a decision of the Regulatory Authority may only be made to the ADGM Court within the timeframe set out in the Cabinet Resolution on the grounds that the decision is wrong in law."
    },
    {
        "ID": "3705e302-f1f8-4293-ac07-79d65809d4b6",
        "DocumentID": 16,
        "PassageID": "Part 4.9.(4)",
        "Passage": "Any reference to a competent court in the Cabinet Resolution shall mean the ADGM Court.\n\n"
    },
    {
        "ID": "d7e61b52-b47b-4e39-a035-342c3d8bb98f",
        "DocumentID": 16,
        "PassageID": "Part 4.10.",
        "Passage": "Directions to comply"
    },
    {
        "ID": "59204b3a-1452-4d2f-a5c0-2f105316dfcb",
        "DocumentID": 16,
        "PassageID": "Part 4.10.(1)",
        "Passage": "Where the Regulatory Authority, or its delegate, considers that an Account Holder, Controlling Person or Financial Institution has contravened the Cabinet Resolution or these Regulations it may by written notice to such person order that certain action be taken to comply with these Regulations.\n\n"
    },
    {
        "ID": "adca861f-707e-41ad-8d61-eab3ac2f277b",
        "DocumentID": 16,
        "PassageID": "Part 4.11.",
        "Passage": "Anti-Avoidance"
    },
    {
        "ID": "ec2dba31-9fb0-4505-9577-398b8941ba3f",
        "DocumentID": 16,
        "PassageID": "Part 4.11.(1)",
        "Passage": "If a Reporting UAE Financial Institution, person or intermediary enters into any arrangements or engages in a practice, the main purpose or one of the main purposes, of which can reasonably be considered to be to avoid an obligation imposed pursuant to these Regulations , the Reporting UAE Financial Institution, person or intermediary is subject to the obligation as if the Reporting Financial Institution, person or intermediary had not entered into the arrangement or engaged in the practice."
    },
    {
        "ID": "57d8a137-67cf-41fa-9785-3605b2a5195c",
        "DocumentID": 16,
        "PassageID": "Part 5",
        "Passage": "Indemnity and effective date"
    },
    {
        "ID": "d27dacf2-a143-40c9-9dbf-27f7a289b896",
        "DocumentID": 16,
        "PassageID": "Part 5.12.",
        "Passage": "Indemnity"
    },
    {
        "ID": "14da642d-d664-485b-8dc1-83675d846f00",
        "DocumentID": 16,
        "PassageID": "Part 5.12.(1)",
        "Passage": "Unless it can be shown that it acted in bad faith, neither the Regulatory Authority, its delegate, nor any Designated Officer can be held liable for any act, attempted act or omission in the performance, purported non-performance or non-performance of its functions in connection with these Regulations."
    },
    {
        "ID": "42bdd4cf-e29e-4976-b5e5-998552380d34",
        "DocumentID": 16,
        "PassageID": "Part 5.12.13.",
        "Passage": "Effective date"
    },
    {
        "ID": "63bb032a-b548-45a1-8ede-78118e8b87d2",
        "DocumentID": 16,
        "PassageID": "Part 5.12.13.(1)",
        "Passage": "These Regulations become effective on date of enactment."
    }
]