[
    {
        "ID": "5aa1fdda-6fc5-414b-ab15-8307403468db",
        "DocumentID": 23,
        "PassageID": "1.",
        "Passage": "DEALING WITH CONFIDENTIAL INFORMATION"
    },
    {
        "ID": "fa81ab52-b6d6-444c-a3e5-ec220f333a38",
        "DocumentID": 23,
        "PassageID": "1.1",
        "Passage": "Introduction"
    },
    {
        "ID": "23bfaaa4-7322-4512-b59a-505a28a3f259",
        "DocumentID": 23,
        "PassageID": "1.1.1",
        "Passage": "This Confidentiality Policy provides guidance concerning the obligations and requirements on the Financial Services Regulatory Authority (the \u201cRegulator\u201d) when using and disclosing non-public information provided by third parties in the course of regulating financial services in the Abu Dhabi Global Market (\u201cADGM\u201d). Unless expressly provided in this Confidentiality Policy, definitions for capitalized terms may be found in the Financial Services Markets Regulations (2015) (the \u201cFSMR\u201d)."
    },
    {
        "ID": "03497933-b5b5-45d6-8b04-659f08c83a84",
        "DocumentID": 23,
        "PassageID": "1.2",
        "Passage": "Regulatory Approach"
    },
    {
        "ID": "9d2693b4-56e6-4f12-bf1b-c6c0ed90d726",
        "DocumentID": 23,
        "PassageID": "1.2.1",
        "Passage": "When dealing with Confidential Information, the Regulator employs best practice, consistent with international standards set by organisations such as the Basel Committee on Banking Supervision (\u201cBCBS\u201d), the International Organisation of Securities Commissions (\u201cIOSCO\u201d), the Financial Action Task Force (\u201cFATF\u201d) and the Islamic Financial Services Board (\u201cIFSB\u201d)."
    },
    {
        "ID": "b95b9cd6-2db3-4a76-8c64-99dd13be3977",
        "DocumentID": 23,
        "PassageID": "1.2.2",
        "Passage": "With the application of international best practice standards, the Regulator is obligated to:\n(a)\tensure compliance with and enforce applicable financial services legislation, consistent with the Basel Core Principles for Effective Banking Supervision, the IOSCO Objectives and Principles of Securities Regulation and the FATF Recommendations on combating money laundering, the financing of terrorism and proliferation of weapons of mass destruction;\n(b)\tassist financial services regulators in other jurisdictions to the best possible extent regarding co-operation and the exchange of Confidential Information consistent with the obligations contained and in the manner prescribed in the IOSCO Multilateral Memorandum of Understanding;\n(c)\tuse all reasonable efforts to ensure that neither ADGM regulations nor foreign laws relating to confidentiality and secrecy prevent the Regulator from gathering, protecting  or disclosing Confidential Information where required for lawful regulatory purposes;\n(d)\tlimit the disclosure of Confidential Information to other financial services regulators and enforcement agencies to the extent required for ensuring compliance with, and enforcement of, applicable financial services and criminal legislation;\n(e)\tto adopt and implement internal control systems and procedures for the handling, storing, processing and securing of Confidential Information that meet international best practices; and\n(f)\tto comply with all applicable laws and ADGM regulations which govern the Regulator\u2019s collection and dissemination of Confidential Information.\n\n"
    },
    {
        "ID": "6de11e7f-34c2-4152-97ac-45b61b14243e",
        "DocumentID": 23,
        "PassageID": "1.3",
        "Passage": "Applicable legislation"
    },
    {
        "ID": "4dd80743-bfd5-400c-bc62-c3d55f1e3aed",
        "DocumentID": 23,
        "PassageID": "1.3.1",
        "Passage": "The main legislative provisions governing the use of Confidential Information by the Regulator are set out in Abu Dhabi Law No. (4) of 2013, Part 16 of the FSMR, the Data Protection Regulations (2015) and the UAE Penal Code (Federal Law No. (3) of 1987)."
    },
    {
        "ID": "bfac01be-278a-4ba1-8edc-b04129193354",
        "DocumentID": 23,
        "PassageID": "2.",
        "Passage": "REGULATORY POWERS TO OBTAIN CONFIDENTIAL INFORMATION"
    },
    {
        "ID": "30b187c5-ec87-477b-9be0-aeb066c8a472",
        "DocumentID": 23,
        "PassageID": "2.1",
        "Passage": "Background"
    },
    {
        "ID": "2345807b-e86f-4a35-b88f-1b65d24014fe",
        "DocumentID": 23,
        "PassageID": "2.1.1",
        "Passage": "The Regulator may be provided with information which is confidential in two ways:\n(a)\tvoluntarily (that is, information obtained on a voluntary basis); and\n(b)\tunder compulsion, including through:\ni.\tthe exercise of the Regulator\u2019s supervisory and investigative powers (see section \u200e2.2 below); and\nii.\tthe exercise of the Regulator\u2019s information gathering powers at the request, and on behalf, of Non-ADGM Regulators (see section \u200e2.3 below)."
    },
    {
        "ID": "fadf32bf-6133-4b68-8b62-b4df174863db",
        "DocumentID": 23,
        "PassageID": "2.2",
        "Passage": "Regulator\u2019s Supervisory and Investigative Powers"
    },
    {
        "ID": "6960a4ac-c374-469e-9e94-6566e523d6cf",
        "DocumentID": 23,
        "PassageID": "2.2.1",
        "Passage": "The Regulator has comprehensive powers under the FSMR to carry out its duties and responsibilities. These include the power to require reports, conduct on-site inspections of business premises of authorised entities within the ADGM, interview individuals, as well as compel the production of documents, testimony and other information \u2013 see, for example, sections 201 and 206 of the FSMR."
    },
    {
        "ID": "3799cb58-490a-41c9-8bad-e7f268eabe38",
        "DocumentID": 23,
        "PassageID": "2.2.2",
        "Passage": "The Regulator has in place internal procedures to monitor and manage access to and the use of Confidential Information and documents obtained during the course of its regulatory activities. These procedures include the use of manual and electronic document storage and retrieval systems.\nFor example, the Regulator limits access to confidential documents obtained to those members of the Regulator\u2019s staff engaged with the relevant matter to which the documents are related by use of secure filing of physical documents and restricted computer drives containing confidential documents in electronic form."
    },
    {
        "ID": "698bee04-7b13-45ef-a40a-6df66b8d0d7f",
        "DocumentID": 23,
        "PassageID": "2.2.3",
        "Passage": "The Regulator may obtain information relating to regulated entities from third parties including intermediaries and companies that perform outsourced functions for regulated entities."
    },
    {
        "ID": "c189930c-3626-49e7-828b-48393687167d",
        "DocumentID": 23,
        "PassageID": "2.2.4",
        "Passage": "As the Regulator's mandate is to regulate all financial services provided in and from the ADGM, the Regulator has broad access to compel the disclosure of Confidential Information from individuals and firms participating in or connected to the provision of financial services in or from the ADGM. This includes, without limitation, all market participants, listed companies, reporting entities and their respective officers and directors.\nFor example, an ADGM-based fund manager which manages a fund organized in and sold to investors in a foreign jurisdiction will be subject to the jurisdiction of the Regulator and all books and records relating to the fund and its unitholders will be subject to examination by the Regulator upon request."
    },
    {
        "ID": "c03b5c3a-a9ff-42fa-b04e-0b4ad2b5975f",
        "DocumentID": 23,
        "PassageID": "2.3",
        "Passage": "Powers to cooperate with, assist and support Non-ADGM Regulators"
    },
    {
        "ID": "321d5b98-b97a-43db-893d-70298f763898",
        "DocumentID": 23,
        "PassageID": "2.3.1",
        "Passage": "The Regulator may also exercise its information gathering powers at the request, and on behalf, of regulators and authorities in other jurisdictions, solely to assist them in performing their regulatory or enforcement functions."
    },
    {
        "ID": "30321c41-3b60-4c89-8840-ba67df61afaa",
        "DocumentID": 23,
        "PassageID": "2.3.2",
        "Passage": "The following sections of the FSMR give the Regulator specific authority to exercise some of its specific powers on behalf of other authorities:\n(a)\tsection 215 enables the Regulator to co-operate with other persons (in ADGM or elsewhere) who have functions (i) similar to those of the Regulator or (ii) in relation to the prevention or detection of Financial Crime. Co-operation may include the sharing of information which the Regulator is not prevented from lawfully disclosing;\n(b)\tsection 216 gives the Regulator specific authority to exercise its Own-Initiative Powers at the request, or on behalf, of Non-ADGM Regulators; and\n(c)\tsection 217 gives the Regulator specific authority to exercise its Investigative Powers at the request of Non-ADGM Regulators.  In deciding whether or not to exercise its Investigative Powers, section 217(2) sets out a non-exhaustive list of factors that the Regulator may take into account."
    },
    {
        "ID": "1c83f212-bd45-4299-b2e1-66ed94f62623",
        "DocumentID": 23,
        "PassageID": "2.3.3",
        "Passage": "If the Regulator decides to exercise its powers at the request, or on behalf, of a Non-ADGM Regulator, Confidential Information gathered as result of the Regulator exercising its powers under sections 215, 216 or 217 can only be disclosed to that Non-ADGM Regulator in accordance with the provisions of sections 198 or section 199 of the FSMR."
    },
    {
        "ID": "bf770c9e-b2c7-44d8-9b57-170723be2c0d",
        "DocumentID": 23,
        "PassageID": "3.",
        "Passage": "REGULATOR\u2019S OBLIGATION OF CONFIDENTIALITY"
    },
    {
        "ID": "4d240321-2850-4a12-9e6f-4a14706f8c21",
        "DocumentID": 23,
        "PassageID": "3.1",
        "Passage": "Background"
    },
    {
        "ID": "6d82d11b-1064-4161-b371-89c05ef97d68",
        "DocumentID": 23,
        "PassageID": "3.1.1",
        "Passage": "The Regulator\u2019s powers to obtain, use and disclose Confidential Information in order to discharge its functions and powers are subject to statutory limitations. These protections exist to protect individual privacy and to assure regulated firms and individuals that any Confidential Information they provide to the Regulator will be dealt with in confidence and used only for lawful purposes."
    },
    {
        "ID": "ff3bbf8f-5a58-4ab3-be4f-1510b4e7fdf6",
        "DocumentID": 23,
        "PassageID": "3.2",
        "Passage": "Overriding Duty of Confidentiality"
    },
    {
        "ID": "d6685678-9815-4ef9-a0d5-62ea912062f9",
        "DocumentID": 23,
        "PassageID": "3.2.1",
        "Passage": "The Regulator must keep confidential any Confidential Information received by or disclosed to it in the course of performing its functions, subject to the exceptions set out in section \u200e3.3 below.\n"
    },
    {
        "ID": "ec1b1310-a700-42b5-9b47-da559da183d9",
        "DocumentID": 23,
        "PassageID": "3.2.2",
        "Passage": "Abu Dhabi Law No. (4) of 2013. This duty of confidentiality is set out in Article 12 of Abu Dhabi Law No. (4) of 2013 and requires the Regulator to keep confidential any Confidential Information received by or disclosed to it in the course of performing its functions, unless disclosure is permitted in accordance with ADGM regulations."
    },
    {
        "ID": "c7d38394-744b-4b51-96c6-915284a07162",
        "DocumentID": 23,
        "PassageID": "3.2.3",
        "Passage": "Abu Dhabi Law No. (4) of 2013. The relevant ADGM regulations impacting on the Regulator\u2019s duty of confidentiality are the FSMR and the Data Protection Regulations 2015.\n\n"
    },
    {
        "ID": "94e75f0a-bc14-42f2-aa9a-aec58166dc40",
        "DocumentID": 23,
        "PassageID": "3.2.4",
        "Passage": "FSMR. Similarly to the duty of confidentiality in Abu Dhabi Law No. (4) of 2013, section 198 of the FSMR also prohibits disclosure of Confidential Information by the Regulator, its employees, agents or by any person coming into possession of it, subject to exceptions set out in section \u200e3.3 below.\n"
    },
    {
        "ID": "43168100-3219-4520-9efe-62639c33f2ed",
        "DocumentID": 23,
        "PassageID": "3.2.5",
        "Passage": "Data Protection Regulations 2015. Certain duties and obligations contained within the Data Protection Regulations 2015 apply to the Regulator when dealing with personal data, concerning accuracy and the duty to ensure security of processing when personal data is being collected and maintained."
    },
    {
        "ID": "11fcd8c4-5f92-44c3-93f9-b42f65e5476b",
        "DocumentID": 23,
        "PassageID": "3.2.6",
        "Passage": "Data Protection Regulations 2015. The Regulator is excused from certain obligations set out in the Data Protection Regulations in circumstances where compliance with such duties would be likely to prejudice the proper discharge of the Regulator\u2019s powers or functions to protect the public from financial loss due to improper conduct, unfitness or incompetence of persons engaging in offering financial services.\n"
    },
    {
        "ID": "01171093-76b9-440d-aca8-5c5efead7252",
        "DocumentID": 23,
        "PassageID": "3.2.7",
        "Passage": "The UAE Penal Code (Federal Law No. (3) of 1987). As the UAE criminal laws apply in the ADGM, Article 379 of the UAE Penal Code provides for criminal penalties for disclosure of Confidential Information in cases other than those lawfully permitted.  Public officials, or those persons in charge of a public service, are subject to more severe penalties than the general persons for unlawful disclosure of Confidential Information \u2013 namely, imprisonment of up to five (5) years.\n"
    },
    {
        "ID": "5bb7d55c-51cc-4533-b79d-fee4e55d39f6",
        "DocumentID": 23,
        "PassageID": "3.2.8",
        "Passage": "Regulator\u2019s internal practices and procedures. The above-mentioned statutory obligations requiring all Regulator\u2019s employees, agents and independent contractors to keep all Confidential Information confidential is further reinforced by requiring all Regulator\u2019s employees, agents and independent contractors to sign an Employment or Consultancy Services Contract that incorporates a confidentiality clause."
    },
    {
        "ID": "00d0364d-90b2-4c58-b10d-f778c1bdfd2c",
        "DocumentID": 23,
        "PassageID": "3.3",
        "Passage": "Exceptions to the Duty of Confidentiality\n"
    },
    {
        "ID": "fbbdae87-6f42-49d9-81a9-e75a30466d8a",
        "DocumentID": 23,
        "PassageID": "3.3.1",
        "Passage": "With prior consent under section 198(1) of FSMR. Section 198(1) prohibits disclosure of Confidential Information by the Regulator, its employees, agents or by any person coming into possession of Confidential Information unless they have the prior consent of\u2014\n(a)\tthe person from whom the Confidential Information was obtained; and,\n(b)\tif different, the person to whom the duty of confidentiality is owed (paragraphs 198(1)(a) and (b)).\n"
    },
    {
        "ID": "c00da018-12cb-43c0-b760-846f4828225a",
        "DocumentID": 23,
        "PassageID": "3.3.2",
        "Passage": "The exceptions under section 199(1) of FSMR. Section 199 of the FSMR provides certain exceptions from the overriding restriction on disclosure of Confidential Information in section 198.  Specifically, subsection 199(1) enables the Regulator to disclose Confidential Information for the purpose of facilitating the carrying out of a Public Function, subject to section 199(2), if the disclosure is\u2014\n(a)\tpermitted or required under any enactment applicable to the Regulator, including, for the avoidance of doubt, any applicable international obligations; or\n(b)\tmade to\u2014\n(i)\tthe ADGM Registrar of Companies;\n(ii)\ta Non-Abu Dhabi Global Market Regulator;\n(iii)\ta governmental or regulatory authority exercising powers and performing functions relating to anti-money laundering, counter-terrorist financing or sanctions compliance, whether in the ADGM or otherwise;\n(iv)\ta self-regulatory body or organisation exercising and performing powers and functions in relation to financial services, whether in the ADGM or otherwise;\n(v)\ta criminal law enforcement agency, whether in the U.A.E or otherwise, for the purpose of any criminal investigation or criminal proceedings;\n(vi)\ta civil law enforcement agency or body, whether in the Abu Dhabi Global Market, U.A.E or otherwise;\nfor the purpose of assisting the performance by any such person of its functions and powers; or\n(c)\tmade in good faith for the purposes of the exercise of the functions and powers of the Regulator or in order to further the Regulator's objectives."
    },
    {
        "ID": "dc3f77a8-19bb-49c7-a2f8-f257642a9321",
        "DocumentID": 23,
        "PassageID": "3.3.3",
        "Passage": "The exceptions under section 199(1) of FSMR. The provisions in section 199(2) relate specifically to Confidential Information originating in another governmental or regulatory authority, or Confidential Information that is CRD Information, and provide for and are consistent with the exchange of information and professional secrecy requirements in the European Union\u2019s Capital Requirements Directive.  For the purposes of section 199(2):\n(a)\t\u2018CRD Information\u2019 is defined as Confidential Information received or obtained by the Regulator from the EEA Competent Authority by virtue of the Capital Requirements Directive; and\n(b)\t\u2018EEA Competent Authority\u2019 means a public authority or body officially recognised by national law of a jurisdiction within the EEA and empowered by that national law to supervise institutions as part of the supervisory system."
    },
    {
        "ID": "18dac2e1-b4fe-4748-9b25-bb5e59564aa4",
        "DocumentID": 23,
        "PassageID": "3.3.4",
        "Passage": "Section 199(2) provides that paragraphs 198(1)b)(i), (ii), (iii), (iv), (vi) and 1(c) do not permit the Regulator to disclose this Confidential Information unless \u2013\n(a) \tthe governmental or regulatory authority that has disclosed the Confidential Information to the Regulator has given its prior written consent to the disclosure; and\n(b) \twhere the Confidential Information is CRD Information:\n(i) \tthe EEA Competent Authority that has disclosed the Confidential Information to the Regulator has given its prior written consent to the disclosure; and\n(ii) \tif such consent was given for a particular purpose, the disclosure by the Regulator is solely for that purpose.\n"
    },
    {
        "ID": "3ea3d5aa-2378-40cd-ab7a-f454859a385c",
        "DocumentID": 23,
        "PassageID": "3.3.5",
        "Passage": "Disclosure to a criminal law enforcement agency. Importantly, disclosure of Confidential Information by the Regulator to a criminal law enforcement agency, whether in the U.A.E or otherwise, for the purpose of any criminal investigation or criminal proceedings under paragraph 199(1)(b)(v) is not subject to the requirements under section 199(2).\n"
    },
    {
        "ID": "83907119-2b7a-41a4-af66-4ebc566b0820",
        "DocumentID": 23,
        "PassageID": "3.4",
        "Passage": "Admissibility of compelled testimony in criminal proceedings"
    },
    {
        "ID": "7585319d-2470-46fc-975e-d1a88a2805d6",
        "DocumentID": 23,
        "PassageID": "3.4.1",
        "Passage": "In addition to the overriding duty of confidentiality set out in section 198, section 207(2) of the FSMR prohibits the Regulator from disclosing a statement made by a person to an investigator at an interview conducted pursuant to section 206(1)(a) to any law enforcement agency for the purpose of criminal proceedings against that person unless:\n(a)\tthe person consents to the disclosure; or\n(b)\tthe Regulator is required by law or court order to disclose the statement."
    },
    {
        "ID": "21d88aa8-21b6-44e6-adb1-61bdb35c8eb6",
        "DocumentID": 23,
        "PassageID": "3.5",
        "Passage": "The effect of foreign secrecy laws"
    },
    {
        "ID": "4e538f99-8bbf-460d-b005-4b6b11955cea",
        "DocumentID": 23,
        "PassageID": "3.5.1",
        "Passage": "Foreign banking secrecy laws lack extraterritorial effect and thus do not apply in the ADGM; entities regulated by the Regulator and their clients are not prevented from complying with obligations to disclose information related to financial services activities conducted in or from the ADGM."
    },
    {
        "ID": "8f854fc0-237d-48e0-a6b4-5b5d586fd7a3",
        "DocumentID": 23,
        "PassageID": "3.5.2",
        "Passage": "Similarly, a request from the Regulator for disclosure of confidential client account information (if the client's business is booked, held, serviced and managed exclusively in a foreign jurisdiction) shall be governed by and be subject to the secrecy laws, if any, of that jurisdiction."
    },
    {
        "ID": "29d14542-4c62-40a8-9ba6-b246f53f3a7c",
        "DocumentID": 23,
        "PassageID": "4.",
        "Passage": "DISCLOSURE OF CONFIDENTIAL INFORMATION"
    },
    {
        "ID": "b2d22511-a0d6-4867-b2ba-f8584df83eae",
        "DocumentID": 23,
        "PassageID": "4.1",
        "Passage": "Making a request for disclosure of Confidential Information"
    },
    {
        "ID": "9cc48429-d444-4e4c-8d3c-b0581d5c7d50",
        "DocumentID": 23,
        "PassageID": "4.1.1",
        "Passage": "Every request to disclose Confidential Information, will be assessed by the Regulator on a case-by-case basis, whether this information was obtained voluntarily, in the course of the Regulator exercising its own functions and powers or exercising its powers on behalf of other authorities."
    },
    {
        "ID": "0c21abc9-9815-4416-930b-45470227e019",
        "DocumentID": 23,
        "PassageID": "4.1.2",
        "Passage": "In deciding whether to comply with a request to disclose Confidential Information, the Regulator would satisfy itself that there are legitimate reasons for the request and that the authority requesting the information has the appropriate policies and procedures in place for dealing with Confidential Information."
    },
    {
        "ID": "5b971fba-9c2c-40a0-9b54-e38c1d4d3350",
        "DocumentID": 23,
        "PassageID": "4.1.3",
        "Passage": "Section 199(3) of the FSMR enables the Regulator to, among other things:\n(a)\timpose conditions on the information disclosed, which may relate to, among other things, the obtaining of consents or, where appropriate, subjecting information received to restrictions on disclosure that are at least equivalent to those set out in section 198, per paragraph 199(3)(a); and\n(b)\trestrict the uses to which the Confidential Information disclosed may be put.\n"
    },
    {
        "ID": "e7100772-5db0-41ad-9b70-703063c71cdb",
        "DocumentID": 23,
        "PassageID": "4.1.4",
        "Passage": "Where the disclosure by the Regulator is made subject to conditions, the person to whom the Confidential Information has been disclosed may not use the Confidential Information in breach of any such condition, as set out in section 199(4) of the FSMR."
    },
    {
        "ID": "4baeeb46-33ab-41da-a124-80deae1df6b4",
        "DocumentID": 23,
        "PassageID": "4.2",
        "Passage": "Disclosure to governmental and regulatory authorities in section 199 of the FSMR"
    },
    {
        "ID": "0efb35a9-fdcb-4963-a5b8-4d8ca2747814",
        "DocumentID": 23,
        "PassageID": "4.2.1",
        "Passage": "Section 199(1)(b) gives the Regulator specific authority to disclose Confidential Information to the authorities listed therein so that they may properly carry out their functions, subject to section 199(2)."
    },
    {
        "ID": "09405ca4-fb5d-43b3-bba2-7f2da491d209",
        "DocumentID": 23,
        "PassageID": "4.2.2",
        "Passage": "Where the Confidential Information (in whole or in part) originates in another governmental or regulatory authority, the Regulator may only disclose that Confidential  Information in accordance with section 199(2), as set out in paragraphs 3.3.3 \u2013 3.3.4 above, subject to paragraph 3.3.5."
    },
    {
        "ID": "6b15279a-ffe6-4bc9-961d-d8d4a305ef6f",
        "DocumentID": 23,
        "PassageID": "4.2.3",
        "Passage": "As set out in paragraphs 4.1.3 and 4.1.4 above, in disclosing any Confidential Information under section 199(1), the Regulator may require the requesting authority to comply with certain conditions or agree to restrict the uses to which the Confidential Information may be put, insofar as the Regulator considers appropriate."
    },
    {
        "ID": "681ba212-fa8c-4e83-a82a-cfd0139c3a91",
        "DocumentID": 23,
        "PassageID": "4.2.4",
        "Passage": "In addition, should a memorandum of understanding be in place between the Regulator and a Non-ADGM Regulator concerning the sharing of Confidential Information, subject to the limitations contained in the FSMR, the Regulator will conduct itself in accordance with section 199(2) and the terms of such memorandum of understanding.  For example, the Regulator may include a provision that each party\u2019s consent is required to be obtained prior to disclosing any Confidential Information to a third party (unless the information is required for the purpose of a criminal investigation or criminal proceedings, as discussed in paragraph 3.3.5).\nFor example, on receipt of a legitimate request for Confidential Information in possession of the Regulator from a Non-ADGM Regulator (\u201cthe requestor\u201d), made for the purpose of facilitating the carrying out of a Public Function, the Regulator:\na)\tmay disclose the Confidential Information to the requestor subject to conditions, including that:-\ni.\tthe requestor may only use the Confidential Information for their own lawful purpose as identified in the request;\nii.\tthe requestor may not voluntarily disclose the Confidential Information to a third party (including other regulatory entities in their home jurisdiction) without the further consent of the Regulator; and\niii.\tif the requestor is compelled to disclose the Confidential Information by court order or subpoena, it must give notice to the Regulator prior to disclosure unless such notice would violate applicable laws.\nb)\twill generally not notify affected parties of the request for Confidential Information.  Notice to the affected party/parties will only be considered where such notification would not be contrary to the public interest and would not frustrate or prejudice the purpose of the disclosure to the requestor."
    },
    {
        "ID": "05bc10b7-b838-4855-9f99-4583d8e239db",
        "DocumentID": 23,
        "PassageID": "4.2.5",
        "Passage": "When the Regulator receives a request from an authority to disclose Confidential Information (other than compelled testimony \u2013 see paragraph \u200e4.5), the Regulator will generally comply with such request if made in good faith for the specific purpose of fulfilling the performance of the requesting party\u2019s functions and powers, as contemplated by section 199(1)."
    },
    {
        "ID": "9720e389-67c7-43b5-b771-0cff63b5c1e0",
        "DocumentID": 23,
        "PassageID": "4.3",
        "Passage": "Disclosure for use in civil litigation"
    },
    {
        "ID": "d5f06cc2-641f-47b8-979d-9a02192e7343",
        "DocumentID": 23,
        "PassageID": "4.3.1",
        "Passage": "In other circumstances, such as where Confidential Information is sought by a party other than a governmental or regulatory authority, such as, for example, as evidence for use in civil litigation, the Regulator will require prior consent of\u2014\n(a)\tthe person from whom the Confidential Information was obtained; and,\n(b)\tif different, the person to whom the duty of confidentiality is owed (paragraphs 198(1)(a) and (b)),\nconsistent with its general duty of confidentiality, as contemplated by section 198(1) of the FSMR."
    },
    {
        "ID": "843c1bd8-09ff-427b-93d7-970e0fbcc187",
        "DocumentID": 23,
        "PassageID": "4.3.2",
        "Passage": "The Regulator will, to the extent permitted by applicable law, provide the person whose interests are likely to be adversely affected by the proposed disclosure with the information necessary to enable the person to make submissions to the Regulator. These may include the following:\n(a)\twhether the factual and legal conditions justifying the disclosure are met;\n(b)\tthe scope of the disclosure of Confidential Information; and\n(c)\twhether any conditions should apply to the disclosure."
    },
    {
        "ID": "fe82ffea-4814-4eb3-b445-a80325ea0304",
        "DocumentID": 23,
        "PassageID": "4.3.3",
        "Passage": "If a person would be adversely affected by the proposed disclosure of Confidential Information and the purpose for the request is to use the information in civil proceedings in the ADGM Court, the person requesting the Confidential Information would be required to obtain an order of the ADGM Court compelling the Regulator to disclose the Confidential Information."
    },
    {
        "ID": "e4a121b0-40f3-4537-b691-47dd34f1d86b",
        "DocumentID": 23,
        "PassageID": "4.3.4",
        "Passage": "Upon receipt of such an order, the Regulator would generally notify the person adversely affected by the proposed disclosure of Confidential Information of this so that the person has an opportunity to challenge the request according to the rules of the Court.\n"
    },
    {
        "ID": "be12dd1d-c93a-4aba-8a2b-f9b1014339e1",
        "DocumentID": 23,
        "PassageID": "4.4",
        "Passage": "Disclosure to a court\n"
    },
    {
        "ID": "8e4a92a8-b708-4f7a-9150-24ce8c6a4b0e",
        "DocumentID": 23,
        "PassageID": "4.4.1",
        "Passage": "Civil proceedings in the ADGM Court. The ADGM Court's enabling legislation, Abu Dhabi Law No. (4) of 2013, gives it exclusive judicial jurisdiction in the ADGM and over ADGM bodies, including the Regulator. Therefore, the Regulator may be obliged to disclose Confidential Information if it is compelled to do so under an order from the ADGM Court."
    },
    {
        "ID": "90ca182d-e2e3-451e-8a02-7f182b4e2968",
        "DocumentID": 23,
        "PassageID": "4.4.2",
        "Passage": "Civil proceedings in the ADGM Court. If the Regulator is required to disclose Confidential Information received from a government or Regulatory Authority (for example, information received under a Memorandum of Understanding), the Regulator will ordinarily:\n(a)\tnotify the Regulatory Authority that provided the Confidential Information of the receipt of the legally enforceable demand, in accordance with section 199(2); and\n(b)\twhere appropriate, assert any legal rights or privileges to protect the Confidential Information (for example, Public Interest Immunity \u2013 see paragraph 4.6 below).\n"
    },
    {
        "ID": "30ca07cf-bc67-485b-9906-59ce36204bbb",
        "DocumentID": 23,
        "PassageID": "4.4.3",
        "Passage": "Criminal prosecutions in the UAE Courts. All activities in the ADGM remain subject to UAE criminal laws by virtue of the Federal Law No. 8 of 2004 concerning Financial Free Zones.  Accordingly, the Regulator is obliged, under Article 78, Part 2 of the UAE Penal Procedures Law (Federal Law No. 35) of 1992, to comply with any legally enforceable demand or order from a competent authority responsible for administering the criminal laws of the UAE. This includes orders or demands to disclose Confidential Information."
    },
    {
        "ID": "451ae46b-f089-426b-975d-fd32b35fe331",
        "DocumentID": 23,
        "PassageID": "4.4.4",
        "Passage": "Criminal prosecutions in the UAE Courts. As in the case of legally enforceable demands in civil or commercial matters discussed at paragraph 4.4.2 above, the Regulator will, where appropriate, assert any legal rights or privileges to protect the Confidential Information and resist disclosure (for example, Public Interest Immunity \u2013 see paragraph 4.6 below).\n"
    },
    {
        "ID": "e8aa6641-2d24-428c-a560-b54d58f1fe6d",
        "DocumentID": 23,
        "PassageID": "4.5",
        "Passage": "Compelled testimony in criminal proceedings"
    },
    {
        "ID": "1e42ed63-f4af-4b44-9cb5-90fa843a8951",
        "DocumentID": 23,
        "PassageID": "4.5.1",
        "Passage": "If the Regulator receives a request from a law enforcement agency for a person's answers in an interview conducted under section 206(1)(a) of the FSMR for the purpose of criminal proceedings against the person, the Regulator will, in accordance with section 207(2) of the FSMR, generally notify the person concerned of such request (so that the person has an opportunity to either consent to the disclosure or challenge the request), unless the Regulator is required by law or court order to disclose the statement."
    },
    {
        "ID": "83a8adbc-6832-436a-ac8d-ce92d84484bd",
        "DocumentID": 23,
        "PassageID": "4.6",
        "Passage": "Public Interest Immunity"
    },
    {
        "ID": "cf9bfa39-f3b8-406e-8f4e-0aaf9b3445a4",
        "DocumentID": 23,
        "PassageID": "4.6.1",
        "Passage": "Public Interest Immunity (\u201cPII\u201d) is an immunity from the production of documents or information where their disclosure would be against the public interest.  PII is a common law doctrine, developed to allow the courts to reconcile any potential conflict between the following two public interests-\n(a)\tthe interest in the administration of justice which demands that relevant material is available to the parties to litigation; and\n(b)\tthe interest in maintaining the confidentiality of certain documents whose disclosure would be damaging to the public interest."
    },
    {
        "ID": "ce2b4f85-4cd5-47a6-8778-b2e9e8286fb2",
        "DocumentID": 23,
        "PassageID": "4.6.2",
        "Passage": "When a PII claim is asserted, a court would be required to balance between whether the public interest in disclosing certain information is outweighed by the public interest in preserving the confidentiality of that information."
    },
    {
        "ID": "ea9dc697-c660-4c17-9d9f-2ad8dc3eb3ca",
        "DocumentID": 23,
        "PassageID": "4.6.3",
        "Passage": "A claim of PII, for example, may be appropriate in the circumstances where disclosure would prejudice or otherwise unduly interfere with the Regulator\u2019s ability to perform its functions and exercise its powers (including if the disclosure would adversely affect its ability to cooperate with and receive Confidential Information from other Regulatory Authorities).\n"
    }
]