[
    {
        "ID": "f27f9d66-e0d8-4de3-b267-d330ad13027a",
        "DocumentID": 31,
        "PassageID": "1)",
        "Passage": "INTRODUCTION. This Guidance is issued under section 15(2) of the Financial Services and Markets Regulations 2015 (\u201cFSMR\u201d).  It should be read in conjunction with FSMR, the Market Rules (\u201cMKT) of the Financial Services Regulatory Authority (\u201cFSRA\u201d) and the FSRA\u2019s Guidance & Policies Manual.\n"
    },
    {
        "ID": "186509f1-8ea2-487d-9bbb-f1ffe50b9e03",
        "DocumentID": 31,
        "PassageID": "2)",
        "Passage": "INTRODUCTION. This Guidance is published to assist Issuers, Listed Companies, Reporting Entities (and their advisors) to comply with the disclosure requirements contained in Chapter 12 of MKT, which relate to Petroleum activities.  Chapter 12 of MKT is intended to align ADGM\u2019s listing framework for the disclosure of Petroleum activities with recognised global industry standards, as well as promote consistency in, and the quality of, disclosures made in relation to Petroleum activities.\n"
    },
    {
        "ID": "676fbdf0-5703-4cd9-81f7-be66740fd781",
        "DocumentID": 31,
        "PassageID": "3)",
        "Passage": "INTRODUCTION. The disclosure framework for Petroleum Reporting Entities in Chapter 12 of MKT is substantially driven by the Petroleum Resources Management System (\u201cPRMS\u201d).   The PRMS is an industry sponsored set of guidelines that provided standardised definitions and a comprehensive classification system for Petroleum Resources.  The FSRA intends for Chapter 12 of MKT to work closely, and be consistent, with the PRMS.  If there are any inconsistencies, however, between FSMR or MKT and the PRMS, FSMR or MKT will prevail.\n"
    },
    {
        "ID": "4c3f74a9-0a32-4f2b-820f-6d4444d26ae4",
        "DocumentID": 31,
        "PassageID": "4)",
        "Passage": "INTRODUCTION. In the context of the obligations and disclosures by Petroleum Reporting Entities, the FSRA operates as the Listing Authority within ADGM and is therefore charged with supervising Petroleum Reporting Entity disclosures under FSMR, MKT and by incorporation in Chapter 12 of MKT, the PRMS.\n"
    },
    {
        "ID": "6ffaaac3-c077-48e6-8566-9c8a6eb33723",
        "DocumentID": 31,
        "PassageID": "5)",
        "Passage": "INTRODUCTION. Nothing in this Guidance binds the FSRA in relation to the application of MKT to a particular Issuer, Listed Company or Petroleum Reporting Entity, or to particular circumstances.  This Guidance is not an exhaustive source of the FSRA\u2019s policy on the exercise of its regulatory functions and powers.  The FSRA is not bound by the requirements set out in this Guidance and may \u2013\n\na)\timpose additional requirements to address any specific risks posed by Petroleum Reporting Entities;\n\nb)\twaive or modify any of the Rules relevant to Petroleum Reporting Entities, at its discretion, where appropriate.\n"
    },
    {
        "ID": "c68225b7-a908-40d6-8160-72136cea5ad5",
        "DocumentID": 31,
        "PassageID": "6)",
        "Passage": "Unless otherwise defined or the context otherwise requires, the terms contained in this Guidance have the same meaning as defined in the FSMR and the FSRA Glossary Rulebook (\u201cGLO\u201d).\n"
    },
    {
        "ID": "6935f223-96c7-4498-9011-959fc10cf673",
        "DocumentID": 31,
        "PassageID": "7)",
        "Passage": "For the purposes of this Guidance:\n\na)\t Issuers, Listed Companies or Petroleum Reporting Entities, or any entity required to make a disclosure in relation to Petroleum activities, are collectively referred to as \u201cPetroleum Reporting Entities\u201d;\n\nb)\tthe terms \u201cPRMS\u201d and \u201cReporting Standard\u201d can be used interchangeably; and\n\nc)\tany reference to a Rule is a reference to a Rule in MKT, unless otherwise set out.\n"
    },
    {
        "ID": "a389a85f-1c0b-4e3c-8142-b2cda9f21235",
        "DocumentID": 31,
        "PassageID": "8)",
        "Passage": "For more details on the process for the offering, listing and ongoing disclosures relating to Petroleum activity, please contact the FSRA via email at: LA@adgm.com.\n\n"
    },
    {
        "ID": "7f59245d-50ed-476a-b19f-b1a5be282fce",
        "DocumentID": 31,
        "PassageID": "9)",
        "Passage": "DISCLOSURES TO BE PREPARED IN ACCORDANCE WITH THE PRMS . The FSRA considers that Rules 12.2.1 and 12.2.2 are the most important Rules in relation to the requirement for Petroleum activity disclosures within ADGM.  Rule 12.2.1 requires that any disclosure by a Petroleum Reporting Entity that includes a statement about Petroleum Resources, including estimates of Prospective Resources, Contingent Resources or Petroleum Reserves, must be prepared in accordance with both the PRMS and Chapter 12 of MKT.\n"
    },
    {
        "ID": "15aa863c-552e-4a1b-9086-9f75e5f7526e",
        "DocumentID": 31,
        "PassageID": "10)",
        "Passage": "DISCLOSURES TO BE PREPARED IN ACCORDANCE WITH THE PRMS . It is important to note that when considering the requirements set out in the PRMS, the terms \u201cshall\u201d or \u201cmust\u201d indicate that provision within the PRMS is mandatory, while \u201cshould\u201d indicates a recommended practice and \u201cmay\u201d indicates a course of action that is permissible.  It is important to note that Rule 12.2.2 states that where a disclosure does not meet a non-mandatory requirement contained in the PRMS, then a Petroleum Reporting Entity must provide in its disclosure a statement as to how and why its disclosure differs from the non-mandatory requirement contained in the PRMS.\n"
    },
    {
        "ID": "cd6f4946-b811-4bae-a849-a0b6b17dfc3b",
        "DocumentID": 31,
        "PassageID": "11)",
        "Passage": "DISCLOSURES TO BE PREPARED IN ACCORDANCE WITH THE PRMS . As a result of these two Rules, the FSRA has established a clear obligation for Petroleum Reporting Entities to comply in full with all mandatory requirements set out in the PRMS, as well as setting the expectation for Petroleum Reporting Entities to comply with all non-mandatory requirements in the PRMS.\n"
    },
    {
        "ID": "e55a8a41-3c92-474b-835c-4bd1180533fc",
        "DocumentID": 31,
        "PassageID": "12)",
        "Passage": "DISCLOSURES TO BE PREPARED IN ACCORDANCE WITH THE PRMS . Examples of non-mandatory requirements that exist in the PRMS include:\n\na)\tSection 1.2.0.7, which recommends that an individual project has assigned to it a specific maturity level sub-class at which a decision is made whether or not to proceed, and that there should be an associated range or estimated recoverable quantities for the project;\n\nb)\tSection 3.2.2, which states that CiO (lease fuel) quantities may be included as Petroleum Reserves, Contingent Resources or Prospective Resources, but that when included must be stated and recorded separately from the sales portion;\n\nc)\tSection 4.2.5.4, which states that when utilising a method of aggregation for disclosure purposes, statistical aggregation should not be used beyond the field, property or project level.\n"
    },
    {
        "ID": "685922eb-bbc6-47b4-9ab8-4cd08787b258",
        "DocumentID": 31,
        "PassageID": "13)",
        "Passage": "DISCLOSURES TO BE PREPARED IN ACCORDANCE WITH THE PRMS . Rules 12.1 to 12.12 set out the general requirements that apply to all disclosures of Petroleum Resources.  These Rules apply to all Listed Companies/Reporting Entities disclosing Petroleum Resources, not just Petroleum Reporting Entities.  While Petroleum Reporting Entities are specifically captured by the disclosure obligations within Chapter 12 of MKT, the wider universe of Reporting Entities are required to consider whether Petroleum Resources (or related activities) are material in the context of their own entire set of activities.\n"
    },
    {
        "ID": "ed1e247e-0270-443a-8111-698e169f8e96",
        "DocumentID": 31,
        "PassageID": "14)",
        "Passage": "DISCLOSURES TO BE PREPARED IN ACCORDANCE WITH THE PRMS . Pursuant to Rule 12.2.3, a Petroleum Reporting Entity must disclose Petroleum Resources in the most specific resource class in accordance with the scheme for classification in the PRMS (that is, as Prospective Resources, Contingent Resources or Petroleum Reserves).  Rule 12.2.3 is one of the limited examples where the Rules adopt a non-mandatory requirement  contained in the PRMS as a mandatory requirement.\n"
    },
    {
        "ID": "77b09fec-1e7a-4ef8-b230-e28727ebc7d9",
        "DocumentID": 31,
        "PassageID": "15)",
        "Passage": "DISCLOSURES TO BE PREPARED IN ACCORDANCE WITH THE PRMS . Section 1.1 of the PRMS identifies the specific classes for Petroleum Resources as Unrecoverable Petroleum, Prospective Resources, Contingent Resources, Petroleum Reserves and Production.  To assist Petroleum Reporting Entities with their compliance with Chapter 12 of MKT, the FSRA encourages them to refer to the PRMS Guidelines , which contains additional guidance on how to classify Petroleum Resources in accordance with the PRMS.\n\n"
    },
    {
        "ID": "b276052b-3e54-4d8c-be38-6aac25841c6c",
        "DocumentID": 31,
        "PassageID": "16)",
        "Passage": "CONCEPTS RELATING TO THE DISCLOSURE OF PETROLEUM ACTIVITIES\nWhat is a \u2018Petroleum Reporting Entity\u2019?\nThere are two types of Petroleum Reporting Entities under the Rules, being:\n\na)\ta Petroleum Exploration Reporting Entity; or\n\nb)\ta Petroleum Production Reporting Entity.\n"
    },
    {
        "ID": "895cd557-933e-456d-95b4-17c9d191f0f0",
        "DocumentID": 31,
        "PassageID": "17)",
        "Passage": "CONCEPTS RELATING TO THE DISCLOSURE OF PETROLEUM ACTIVITIES\nWhat is a \u2018Petroleum Reporting Entity\u2019?\nA Petroleum Exploration Reporting Entity is a Reporting Entity whose main undertaking consists of Exploration for Petroleum, or a Reporting Entity that has been advised by the FSRA that it is a Petroleum Exploration Reporting Entity for the purposes of the Rules.\n"
    },
    {
        "ID": "5c8720ad-6290-4b97-8474-a216ee10e0d6",
        "DocumentID": 31,
        "PassageID": "18)",
        "Passage": "CONCEPTS RELATING TO THE DISCLOSURE OF PETROLEUM ACTIVITIES\nWhat is a \u2018Petroleum Reporting Entity\u2019?\nA Petroleum Production Reporting Entity is a Reporting Entity whose main undertaking consists of the Extraction of Petroleum, or a Reporting Entity that has been advised by the FSRA that it is a Petroleum Production Reporting Entity for the purposes of the Rules.\n"
    },
    {
        "ID": "d328f458-b894-47fa-bae0-26eb811d55d0",
        "DocumentID": 31,
        "PassageID": "19)",
        "Passage": "CONCEPTS RELATING TO THE DISCLOSURE OF PETROLEUM ACTIVITIES\nWhat is a \u2018Petroleum Reporting Entity\u2019?\nThe FSRA may exercise its power to advise a Reporting Entity that it is a Petroleum Exploration Reporting Entity or a Petroleum Production Reporting Entity for the purposes of the Rules if, in its opinion, the Reporting Entity undertakes Petroleum activity that comprises, or is over time likely to comprise, such a material part of the overall activity of the Reporting Entity that it is appropriate for the Reporting Entity to be subject to the quarterly activity, and other periodic disclosure obligations set out in Chapter 12 of the Rules.\n\n"
    },
    {
        "ID": "4a02321c-35d2-448d-b2ef-7e78656d1f2e",
        "DocumentID": 31,
        "PassageID": "20)",
        "Passage": "CONCEPTS RELATING TO THE DISCLOSURE OF PETROLEUM ACTIVITIES\nPetroleum Projects and materiality\nA Petroleum Project or \u2018project\u2019 is defined in the PRMS, establishing it as the link between Petroleum accumulation and a Petroleum Reporting Entity\u2019s decision-making process, including budget allocation.\n"
    },
    {
        "ID": "7fb448e0-476c-4c07-8d0d-9ee3fc25dc3c",
        "DocumentID": 31,
        "PassageID": "21)",
        "Passage": "CONCEPTS RELATING TO THE DISCLOSURE OF PETROLEUM ACTIVITIES\nPetroleum Projects and materiality\nThe considerations that define a Petroleum Project will often be commercial in nature, and may include development decisions, budget allocations and how particular Petroleum activities are presented in a disclosure made by a Petroleum Reporting Entity, including in its annual financial statements and on its website.  A Petroleum Project may therefore include the development of a single reservoir or field, an incremental development in a producing field, or an integrated development of a group of several fields and associated facilities with common ownership (as defined within the PRMS).\n"
    },
    {
        "ID": "4a03a4f1-8538-434b-bcf9-52432828a09e",
        "DocumentID": 31,
        "PassageID": "22)",
        "Passage": "CONCEPTS RELATING TO THE DISCLOSURE OF PETROLEUM ACTIVITIES\nPetroleum Projects and materiality\nFor the purposes of the Rules, the requirements for disclosing estimates of:\n\na)\tProspective Resources in Rule 12.8.1;\n\nb)\tContingent Resources in Rule 12.10.1; and\n\nc)\tPetroleum Reserves in Rule 12.12.1,\n\nonly apply to estimates that are material.\n"
    },
    {
        "ID": "ecc590b0-7498-4f60-8c43-ce6d78feced2",
        "DocumentID": 31,
        "PassageID": "23)",
        "Passage": "CONCEPTS RELATING TO THE DISCLOSURE OF PETROLEUM ACTIVITIES\nPetroleum Projects and materiality\nThe definition of Petroleum Project and the concept of \u2018material\u2019 estimates are intended by the FSRA to be interpreted and applied in a sensible and commercial manner.  In many circumstances, it will be readily apparent that a particular Petroleum activity is material for the purposes of these Rules, and therefore the disclosure requirements of Rules 12.8.1, 12.10.1 and 12.12.1 will apply to any related disclosure of Petroleum Resources.\n"
    },
    {
        "ID": "4c3f27d1-5bb3-4dcc-874c-45641fe7135b",
        "DocumentID": 31,
        "PassageID": "24)",
        "Passage": "CONCEPTS RELATING TO THE DISCLOSURE OF PETROLEUM ACTIVITIES\nPetroleum Projects and materiality\nThe factors that a Petroleum Reporting Entity (and for that matter, any Reporting Entity) should consider when determining whether the disclosure of particular estimates are material include:\n\na)\tits market capitalisation;\n\nb)\twhether it would expect the disclosure of information relating to the Petroleum Project to have a material effect on the price of its Financial Instruments;\n\nc)\twhether its actual and projected expenditure on the Petroleum Project is, or is likely to be, material in the context of its expenditure on other Petroleum Projects and other (non-Petroleum) business activities;\n\nd)\twhether its actual and projected revenue from the Petroleum Project is, or is likely to be, material in the context of its revenue from other Petroleum Projects and other (non-Petroleum) business activities;\n\ne)\twhether it considers the Petroleum Project will be a material asset in the medium to long term;\n\nf)\twhether it has previously made a disclosure in relation to the Petroleum Project which suggests that the Petroleum Project is material;\n\ng)\tthe prominence given to the Petroleum Project on its website, its Annual Financial Statement or in other promotional material it has distributed; and\n\nh)\tthe materiality guidelines in the International Financial Reporting Standards.\n"
    },
    {
        "ID": "dcc97af6-6cea-43d8-ab3e-61e2cf35c524",
        "DocumentID": 31,
        "PassageID": "25)",
        "Passage": "CONCEPTS RELATING TO THE DISCLOSURE OF PETROLEUM ACTIVITIES\nPetroleum Projects and materiality\nAn assessment of the materiality of a Petroleum Project, or the estimates of Petroleum Resources relating to it, has to be made at a point in time, having regard to a Petroleum Reporting Entity\u2019s business activities and financial position at that time.  Such assessment may change over time.  Certain estimates of Petroleum Resources that are not considered material today may become material in the future, due to the discovery of new Petroleum Resources or other information.  Similarly, estimates that are considered material today may not be material in the future, due to a Petroleum Project becoming exhausted or abandoned, or because a Petroleum Reporting Entity embarking on other more important Petroleum Projects.\n"
    },
    {
        "ID": "dd15bd7a-a178-4124-870c-5bc7c779ed3e",
        "DocumentID": 31,
        "PassageID": "26)",
        "Passage": "CONCEPTS RELATING TO THE DISCLOSURE OF PETROLEUM ACTIVITIES\nPetroleum Projects and materiality\nIf a Petroleum Reporting Entity discloses estimates that it viewed as material at the time of disclosure, but subsequently forms a view that they are no longer material, the FSRA expects the Petroleum Reporting Entity to make a further disclosure providing the clear rationale for the change view on materiality.  Such reasoning would generally follow the considerations outlined in paragraph 24 above.\n\n"
    },
    {
        "ID": "5b9e7db7-e96a-48fa-9348-cda273d632c4",
        "DocumentID": 31,
        "PassageID": "27)",
        "Passage": "CONCEPTS RELATING TO THE DISCLOSURE OF PETROLEUM ACTIVITIES\nWhat is a material change in estimates?\nAs the focus of the Rules is on \u2018materiality\u2019, the FSRA does not expect to see a Petroleum Reporting Entity disclose a change in estimates that are not material.  The exception to this is when a Petroleum Reporting Entity discloses its Summary of Reserves and Resources.  The emphasis, therefore, is on the \u2018materiality\u2019 to a Petroleum Reporting Entity, rather than whether a Petroleum Project is significant or not.\n"
    },
    {
        "ID": "fba97c3b-727c-4d02-9f91-c3d9c56e387f",
        "DocumentID": 31,
        "PassageID": "28)",
        "Passage": "CONCEPTS RELATING TO THE DISCLOSURE OF PETROLEUM ACTIVITIES\nWhat is a material change in estimates?\nRules 12.8, 12.10 and 12.12 require certain information to be included in a disclosure made by a Petroleum Reporting Entity, where there has been a material change (up or down) in estimates of Prospective Resources, Contingent Resources or Petroleum Reserves as compared to when they were previously disclosed.\n"
    },
    {
        "ID": "8d45fdeb-fc8c-4e24-9fa9-251cb735fd76",
        "DocumentID": 31,
        "PassageID": "29)",
        "Passage": "CONCEPTS RELATING TO THE DISCLOSURE OF PETROLEUM ACTIVITIES\nWhat is a material change in estimates?\nA material change could be in the form of material improvement or regression in terms of the:\n\na)\testimated recoverable quantities of Petroleum Reserves;\n\nb)\testimated potentially recoverable quantities, or the chance of commercial development, for Prospective Resources or Contingent Resources; or\n\nc)\tchance of discovery of Prospective Resources.\n"
    },
    {
        "ID": "2c64766b-ff05-4e4e-a0a2-365c56eeb7de",
        "DocumentID": 31,
        "PassageID": "30)",
        "Passage": "CONCEPTS RELATING TO THE DISCLOSURE OF PETROLEUM ACTIVITIES\nWhat is a material change in estimates?\nWhether there has been a material change in estimates of Prospective Resources, Contingent Resources or Petroleum Reserves must be tested by reference to the last disclosed estimates of Prospective Resources, Contingent Resources or Petroleum Reserves, as applicable.  The last disclosed estimates may have been either the initial estimates disclosed by a Petroleum Reporting Entity or a subsequent disclosure of materially changed estimates.\n"
    },
    {
        "ID": "64de3d2f-c5d6-411f-92dd-1d8341aa669f",
        "DocumentID": 31,
        "PassageID": "31)",
        "Passage": "CONCEPTS RELATING TO THE DISCLOSURE OF PETROLEUM ACTIVITIES\nWhat is a material change in estimates?\nA Petroleum Reporting Entity must determine whether a change in estimates of its Prospective Resources, Contingent Resources or Petroleum Reserves is material or not, taking into account all relevant factors, including whether the change in estimates is likely to have a significant effect on the price of its Financial Instruments.\n\n"
    },
    {
        "ID": "66881c68-3905-4900-bd42-fe71e2913406",
        "DocumentID": 31,
        "PassageID": "32)",
        "Passage": "PROSPECTUS DISCLOSURE . Importantly, Rule 12.3.1 requires that in addition to complying with Chapter 4 of the Rules, a Prospectus that includes a statement about Petroleum Resources must comply with Rule 12.2 such that the Prospectus must also (in terms of the disclosures made within such Prospectus) comply with the PRMS and Chapter 12 of the Rules.\n\n"
    },
    {
        "ID": "2ba9db7f-8683-4685-ab97-4fbc53060b20",
        "DocumentID": 31,
        "PassageID": "33)",
        "Passage": "Valuation Reports. Rule 12.3.2 additionally requires that a Prospectus relating to a Petroleum company (and its related reporting of Petroleum Resources) must also include a valuation report prepared by an independent expert in accordance with the PRMS.  Rule 12.3.3 sets out further requirements to be disclosed within the valuation report.\n\n"
    },
    {
        "ID": "38dba091-66c2-4830-81e9-89afb60cbd30",
        "DocumentID": 31,
        "PassageID": "34)",
        "Passage": "Operating in a sustainable manner. Rule 12.3.1(2) requires a Petroleum company\u2019s Prospectus to include details of its policies and practices in relation to operating in a sustainable manner.  Petroleum Reporting Entities will be required to provide an annual update on these policies and practices, pursuant to Rule 12.11.2.\n\n\n"
    },
    {
        "ID": "7eb19bce-ce58-4e33-9226-49035de4142e",
        "DocumentID": 31,
        "PassageID": "35)",
        "Passage": "DISCLOSURE REQUIREMENTS . Rule 12.2.4(1) requires any disclosure made in relation to Prospective Resources, Contingent Resources or Petroleum Reserves to clearly identify whether the estimates have used a Deterministic Method or Probabilistic Method in their preparation.  The PRMS Guidelines provide additional guidance on Deterministic Methods (in sections 4.1 and 5.2) and Probabilistic Methods (in sections 5.3 and 7.1).\n"
    },
    {
        "ID": "d6f43a53-ae3d-42f4-8eda-04eb41aedd12",
        "DocumentID": 31,
        "PassageID": "36)",
        "Passage": "DISCLOSURE REQUIREMENTS . Estimates of Petroleum Resources must be made at a particular Evaluation Date, which, pursuant to Rule 12.2.4(2), needs to be identified in any disclosure of those estimates.\n"
    },
    {
        "ID": "d89ef0b9-13f6-4438-9ed7-31aee718e011",
        "DocumentID": 31,
        "PassageID": "37)",
        "Passage": "DISCLOSURE REQUIREMENTS . As required by Rule 12.2.5, the disclosure of Total Petroleum Initially-In-Place, Estimated Ultimate Recovery or Discovered Petroleum Initially-In-Place is not permitted unless all of the following applicable information is included, prominently and proximately, within the disclosure:\n\na)\tan estimate of Prospective Resources;\n\nb)\tan estimate of Contingent Resources;\n\nc)\tan estimate of Petroleum Reserves; and\n\nd)\twhether, and how, each of the Petroleum Resource classes in the disclosure were adjusted for risk.\n"
    },
    {
        "ID": "ce9d72cc-73b3-4c70-a90e-8b9618d7ea10",
        "DocumentID": 31,
        "PassageID": "38)",
        "Passage": "DISCLOSURE REQUIREMENTS . Rule 12.2.5 does not specifically provide guidance in relation to Remaining Recoverable Resources as this is appropriately covered by the PRMS.\n"
    },
    {
        "ID": "fa9afd5a-4998-4939-abc7-0c83b90089ce",
        "DocumentID": 31,
        "PassageID": "39)",
        "Passage": "DISCLOSURE REQUIREMENTS . Similarly, various other requirements relating to the disclosure of Petroleum Resources that a Petroleum Reporting Entity must comply with are suitably covered by the PRMS, and therefore equivalent requirements have not been replicated within the Rules.  These include, amongst others, the following:\n\na)\tthe disclosure of a Petroleum Reporting Entity\u2019s economic interest in Petroleum Resources (including entitlements under production-sharing contracts or risked-service contracts) (section 3.3 of the PRMS);\n\nb)\tthe treatment of pure service contracts (section 3.3 of the PRMS);\n\nc)\tthat if units of equivalency between oil and gas are disclosed by a Petroleum Reporting Entity, then the conversion factors used (converting gas to oil, or oil to gas) are to relate to BOEs or McFGEs, as applicable (section 3.2.9 of the PRMS); and\n\nd)\thaving Petroleum Resources be disclosed net of royalties (section 3.3.1 of the PRMS).\n"
    },
    {
        "ID": "8b1aad35-b0f2-4b47-a635-8250b6451241",
        "DocumentID": 31,
        "PassageID": "40)",
        "Passage": "DISCLOSURE REQUIREMENTS . For the purposes of these Rules, \u201cproximate\u201d to a disclosure means on the same page, and in the same paragraph or in the immediately preceding or following paragraph, as the disclosure of the estimates in question.  Placing the cautionary statement in a footnote or endnote, or a general disclaimer elsewhere in a disclosure, does not meet the requirement for the statement to be proximate (as required by Rule 12.2.5).\n\n"
    },
    {
        "ID": "f6df9872-cdf9-4b97-8c52-c95df7d292c2",
        "DocumentID": 31,
        "PassageID": "41)",
        "Passage": "DISCLOSURE REQUIREMENTS .\nGeophysical survey information\nA disclosure by a Petroleum Reporting Entity on any geographical survey in relation to Petroleum must, pursuant to Rule 12.4.1, include the name of the survey, its nature and its status, and the permit under which the survey is being conducted.  Contrary to some of the other disclosure obligations in Chapter 12 of the Rules, this Rule applies to any disclosure regardless of whether the Petroleum Project which is the subject of the disclosure is material or not.\n\n"
    },
    {
        "ID": "fa35184b-a93f-4de1-a5a3-aa182184ff32",
        "DocumentID": 31,
        "PassageID": "42)",
        "Passage": "DISCLOSURE REQUIREMENTS .\nMaterial Exploration and drilling results\nRule 12.5.1 sets out the reporting requirements relevant to disclosures of material Exploration and drilling results in relation to Petroleum Resources.  Such disclosures should be presented in a factual and balanced manner, and contain sufficient information to allow investors and their advisers to make an informed judgement of its materiality.  Care needs to be taken to ensure that a disclosure does not suggest, without reasonable grounds, that commercially recoverable or potentially recoverable quantities of Petroleum have been discovered, in the absence of determining and disclosing estimates of Petroleum Resources in accordance with Chapter 12 and the PRMS.\n"
    },
    {
        "ID": "402e4716-3bf7-489c-951e-46151318e6f7",
        "DocumentID": 31,
        "PassageID": "43)",
        "Passage": "DISCLOSURE REQUIREMENTS .\nMaterial Exploration and drilling results\nRule 12.5.12 requires the disclosure of any material volumes of non-Petroleum gases.  While the FSRA generally considers that for the purposes of this Rule it is for the Competent Person to determine what is a non-Petroleum gas, non-Petroleum gases can be deemed to include, but not be limited to, carbon dioxide, nitrogen, hydrogen sulphide and sulphur.\n\n"
    },
    {
        "ID": "e1d9393f-20fd-4b68-9315-1782fae576a5",
        "DocumentID": 31,
        "PassageID": "44)",
        "Passage": "DISCLOSURE REQUIREMENTS .\nUnconventional resources\nThe FSRA expects that estimated quantities of Petroleum sourced from Unconventional Petroleum Resources (e.g., coal seam gas, coal bed methane, shale gas, oil shale, tight gas formations or bitumen) be disclosed in accordance with the PRMS, and not be disclosed as unconventional resources under a Mining Reporting Standard.\n"
    },
    {
        "ID": "60bb6903-0cce-4cb6-aa76-207f7f7d670d",
        "DocumentID": 31,
        "PassageID": "45)",
        "Passage": "DISCLOSURE REQUIREMENTS .\nUnconventional resources\nAdditionally, Rules 12.10.1(5) and 12.12.1 (6) require additional information (including the specialised extraction technology proposed) to be disclosed in relation to Unconventional Petroleum Resources being reported as part of estimates of Contingent Resources or Petroleum Reserves respectively.  The PRMS Guidelines provide additional guidance on Unconventional Petroleum Resources in sections 1 and 8.\n\n"
    },
    {
        "ID": "629f5dba-4134-42ae-9072-4fb0c3ee4135",
        "DocumentID": 31,
        "PassageID": "46)",
        "Passage": "INITIAL DISCLOSURE OF MATERIAL ESTIMATES. Rule 12.6.1 operates as an over-arching Rule obligation, in that it requires a Petroleum Reporting Entity to immediately disclose any new material estimates of Petroleum Resources (being Prospective Resources, Contingent Resources or Petroleum Reserves) that have not previously been disclosed.  This Rule operates closely with a number of other Rules, namely Rules 7.2.1, 12.8.1, 12.10.1 and 12.12.1.\n"
    },
    {
        "ID": "abb274de-2cbe-474e-a081-74731c527274",
        "DocumentID": 31,
        "PassageID": "47)",
        "Passage": "INITIAL DISCLOSURE OF MATERIAL ESTIMATES. As the threshold for disclosure in relation to estimates of Petroleum Resources is one of \u2018materiality\u2019, rather than a determination of whether estimates need to be disclosed in relation to a \u2018material\u2019 or \u2018significant\u2019 Petroleum Project (as can be the practice in other markets) , Rule 12.6.1 is very important.  A Petroleum Reporting Entity is not required to (and should not) disclose revised estimates of Petroleum Resources in circumstances where the revision of estimates is not material (subject to the Petroleum Reporting Entity continuing to comply with its other Rule obligations, including among others Rule 7.2.1 and 7.2.2).\n"
    },
    {
        "ID": "46d73e82-c9dc-4a75-92a0-20d550b759b9",
        "DocumentID": 31,
        "PassageID": "48)",
        "Passage": "INITIAL DISCLOSURE OF MATERIAL ESTIMATES. When making a disclosure pursuant to Rule 12.6.1, a Petroleum Reporting Entity must ensure the disclosure contains the types of permits or licences held by the Petroleum Reporting Entity in relation to the material estimates.\n\n"
    },
    {
        "ID": "06904fa1-376e-475a-8214-a5a1f6812348",
        "DocumentID": 31,
        "PassageID": "49)",
        "Passage": "INITIAL DISCLOSURE OF MATERIAL ESTIMATES.\nDisclosure of material estimates of Petroleum Resources\nRules 12.8.1, 12.10.1 and 12.12.1 require a Petroleum Reporting Entity that is disclosing material estimates of Prospective Resources, Contingent Resources or Petroleum Reserves, either for the first time or for the first time after they have materially changed from when they were last disclosed, to include certain information within its disclosure.\n"
    },
    {
        "ID": "26c266b0-ab1d-40b4-9d71-bb37822e7a24",
        "DocumentID": 31,
        "PassageID": "50)",
        "Passage": "INITIAL DISCLOSURE OF MATERIAL ESTIMATES.\nDisclosure of material estimates of Petroleum Resources\nIt is important to note that section 2.2.1 of the PRMS and section 2.4 of the PRMS Guidelines states that the sub-division of Petroleum Resources should be by way of low estimate, best estimate and high estimate.  For example, the sub-division of Prospective Resources into 1U, 2U or 3U is to be based solely on considerations of uncertainty in the recovery of a specific Petroleum Project.\n"
    },
    {
        "ID": "4ec94aa4-95ff-4fe9-b643-7d2d303512c7",
        "DocumentID": 31,
        "PassageID": "51)",
        "Passage": "INITIAL DISCLOSURE OF MATERIAL ESTIMATES.\nDisclosure of material estimates of Petroleum Resources\nTherefore, provided that a Petroleum Project satisfies the requirements to have Prospective Resources, there should always be a low estimate (1U), a best estimate (2U) and a high estimate (3U), unless very specific circumstances exist which means, for example, the 1U estimates may be disclosed as zero.  The same requirements apply to the use of the equivalent terms for estimates of Contingent Resources (being C1, C2 and C3) and Prospective Resources (being 1P, 2P and 3P).\n\n"
    },
    {
        "ID": "cc1053b6-893f-4b1d-ae8f-22c38fe94f54",
        "DocumentID": 31,
        "PassageID": "52)",
        "Passage": "INITIAL DISCLOSURE OF MATERIAL ESTIMATES.\nDisclosure of material estimates of Prospective Resources\nPursuant to Rule 12.8, the first time a Petroleum Reporting Entity discloses an estimate of material Prospective Resources, it is required to include in its disclosure a brief description of the basis on which the Prospective Resources are estimated.  The FSRA expects that the type of information to be disclosed in order to comply with this requirement includes the method of estimation, supporting data (including analogous information and any analysis of seismic surveys and non-seismic surveys), analytical processes and any assumptions (such as recovery efficiency) that have been used to determine the estimate of Prospective Resources.\n"
    },
    {
        "ID": "58689d33-6d13-440e-89d7-16edfca40d2e",
        "DocumentID": 31,
        "PassageID": "53)",
        "Passage": "INITIAL DISCLOSURE OF MATERIAL ESTIMATES.\nDisclosure of material estimates of Prospective Resources\nThe FSRA also expects a Petroleum Reporting Entity\u2019s disclosure of estimates of Prospective Reserves to include details on the further Exploration activities to be undertaken, and an explanation of the risk factors.\n\n"
    },
    {
        "ID": "44837223-b643-4be4-a692-f0f105edaeaa",
        "DocumentID": 31,
        "PassageID": "54)",
        "Passage": "INITIAL DISCLOSURE OF MATERIAL ESTIMATES.\nProspective Resources - prominent, and proximate, cautionary statements\nPursuant to Rule 12.7.1(3), when a Petroleum Reporting Entity is disclosing estimates of Prospective Resources it is required to include a cautionary statement that is of at least equal prominence, and proximate to the reported estimate of Prospective Resources.\n"
    },
    {
        "ID": "07a9e2fd-2caf-4dd7-8b75-9b8128d3c189",
        "DocumentID": 31,
        "PassageID": "55)",
        "Passage": "INITIAL DISCLOSURE OF MATERIAL ESTIMATES.\nProspective Resources - prominent, and proximate, cautionary statements\n\u201cAt least equal prominence\u201d as the disclosure, for the purposes of the Rules, means the cautionary statement should have, at the very least, the same font type, size and colour as the disclosed estimates of Prospective Resources.  This means that if the estimates of Prospective Resources are disclosed in a heading, the cautionary statement is to be in at least the same font type, size and colour as the heading.  The FSRA expects that, at the very least, where the disclosed estimate of Prospective Resources is highlighted and emphasised in any way (e.g., by being printed in bold, italics or a different colour to the surrounding text), the prominent cautionary statement must, at the very least, be equally highlighted and emphasised.\n"
    },
    {
        "ID": "b03d857e-f28a-4a84-96df-19222f33debd",
        "DocumentID": 31,
        "PassageID": "56)",
        "Passage": "INITIAL DISCLOSURE OF MATERIAL ESTIMATES.\nProspective Resources - prominent, and proximate, cautionary statements\nThe FSRA considers that \u201cproximate\u201d to the disclosure, for the purposes of the Rules, means on the same page, and in the same paragraph or in the immediately preceding or following paragraph, as the reported estimates of Prospective Resources.  Except as set out below, placing a cautionary statement in a footnote or endnote, or in a general disclaimer elsewhere in a disclosure, does not meet the requirement for the statement to be proximate.\n"
    },
    {
        "ID": "fc4ec715-b0b3-48a1-92ef-6b2ca3f7fbab",
        "DocumentID": 31,
        "PassageID": "57)",
        "Passage": "INITIAL DISCLOSURE OF MATERIAL ESTIMATES.\nProspective Resources - prominent, and proximate, cautionary statements\nWhere a disclosure includes multiple references to an estimate of Prospective Resources, the required cautionary statement need only appear with the required prominence and proximity once, being where the estimates of Prospective Resources first appear in the disclosure.\n"
    },
    {
        "ID": "d488768b-5cdc-40cb-8dcb-e70e6dea5870",
        "DocumentID": 31,
        "PassageID": "58)",
        "Passage": "INITIAL DISCLOSURE OF MATERIAL ESTIMATES.\nProspective Resources - prominent, and proximate, cautionary statements\nIf a Petroleum Reporting Entity uses a smaller or less legible font when it first refers to an estimate of Prospective Resources than in subsequent references, such that its cautionary statement is therefore smaller or less legible compared to the subsequent references, the Petroleum Reporting Entity will be regarded by the FSRA as not promoting the purpose or intent of Rule 12.7.1(3).  Similarly, if a Petroleum Reporting Entity first refers to an estimate of Prospective Resources in plain font so that its cautionary statement is also in plain font, but then uses highlighted or emphasised text for subsequent references to the estimates of Prospective Resources, the Petroleum Reporting Entity will be regarded by the FSRA a not promoting the purpose or intent of Rule 12.7.1(3).\n"
    },
    {
        "ID": "17a4b95c-fdba-4e37-a825-4fdb82e3c995",
        "DocumentID": 31,
        "PassageID": "59)",
        "Passage": "INITIAL DISCLOSURE OF MATERIAL ESTIMATES.\nProspective Resources - prominent, and proximate, cautionary statements\nAfter the first use of a cautionary statement within a disclosure, it is sufficient for any subsequent reference to the estimate of Prospective Resources to include a footnote or endnote that cross-refers to the cautionary statement (which includes the page number where the prominent cautionary statement appears).\n\n"
    },
    {
        "ID": "c8dfefe8-8929-43ca-888b-f36a068fe1f3",
        "DocumentID": 31,
        "PassageID": "60)",
        "Passage": "INITIAL DISCLOSURE OF MATERIAL ESTIMATES.\nDisclosure of material estimates of Contingent Resources\nPursuant to Rule 12.10.1(2), the first time a Petroleum Reporting Entity discloses a material estimate of Contingent Resources, it is required to include in its disclosure a brief description of the basis for confirming the existence of a significant quantity of potentially moveable petroleum as well as the basis for the determination of a discovery.\n"
    },
    {
        "ID": "68a30def-83c7-46ff-9364-546539ec0d50",
        "DocumentID": 31,
        "PassageID": "61)",
        "Passage": "INITIAL DISCLOSURE OF MATERIAL ESTIMATES.\nDisclosure of material estimates of Contingent Resources\nRule 12.10.1(3)(b) requires a Petroleum Reporting Entity to provide a description of the key contingencies that resulted in the estimates being classified as Contingent Resources.  The PRMS extensively covers the determination and treatment of contingencies.  The PRMS Guidelines provide additional guidance on key contingencies for the classification of Contingent Resources in sections 2.6 and 4.2.3.  Note that the PRMS and PRMS Guidelines use the terms \u2018contingencies\u2019 and \u2018conditions\u2019 interchangeably.\n"
    },
    {
        "ID": "217324db-7f77-4991-b4e1-5d13f2b2c79a",
        "DocumentID": 31,
        "PassageID": "62)",
        "Passage": "INITIAL DISCLOSURE OF MATERIAL ESTIMATES.\nDisclosure of material estimates of Contingent Resources\nExamples of key contingencies requiring estimates of Petroleum Resources to be classified as Contingent Resources include where:\n\na)\tthere is no viable market at the time of the disclosure;\n\nb)\tcommercial recovery is dependent on technology under development;\n\nc)\tevaluation of the accumulation is insufficient to clearly assess commerciality;\n\nd)\tcurrent and reasonable forecast economic conditions do not support a commercially viable Petroleum Project; or\n\ne)\tthere are legal, environmental, social or governmental factors existing or forecasted to impact the relevant Petroleum Project.\n"
    },
    {
        "ID": "affa2bd9-8bb0-4845-9088-1913f1e539c9",
        "DocumentID": 31,
        "PassageID": "63)",
        "Passage": "INITIAL DISCLOSURE OF MATERIAL ESTIMATES.\nDisclosure of material estimates of Contingent Resources\nSection 2.3 of the PRMS Guidelines states that Contingent Resources may be assigned for Petroleum Projects that are dependent on \u2018technology under development\u2019, and further recommended that a number of guidelines are followed in order to distinguish these estimates from those that should be classified as Unrecoverable Petroleum.  By way of Rule 12.10.1(3), the FSRA fully supports and requires compliance with what is set out in the PRMS Guidelines.\n"
    },
    {
        "ID": "0e15910b-2209-4610-8b05-e719379e7ca1",
        "DocumentID": 31,
        "PassageID": "64)",
        "Passage": "INITIAL DISCLOSURE OF MATERIAL ESTIMATES.\nDisclosure of material estimates of Contingent Resources\nPursuant to Rule 12.9.1(3), and similar to the treatment of Petroleum Reserves,  in circumstances where disclosed estimates of Contingent Resources represent aggregated estimates of Petroleum Resources, a Petroleum Reporting Entity is required to disclose the aggregation method used.  Section 4.2.1 of the PRMS allows for the use of two aggregation methods, being arithmetic summation of estimates by category or statistical aggregation of probability distributions.\n"
    },
    {
        "ID": "2e498235-0177-4da2-bd38-119b8526940e",
        "DocumentID": 31,
        "PassageID": "65)",
        "Passage": "INITIAL DISCLOSURE OF MATERIAL ESTIMATES.\nDisclosure of material estimates of Contingent Resources\nSection 4.2.5.4 recommends that statistical aggregation should not be used beyond the field, property or Petroleum Project level.  It further provides, and the FSRA interprets it such, that in circumstances where statistical aggregation is used beyond these levels, arithmetic summation should be used, and the Petroleum Reporting Entity should include a statement in its disclosure to the effect that aggregate C1 may be very conservative and aggregate C3 may be very optimistic (depending on the number of items in the aggregate).  The PRMS Guidelines provide additional guidance on aggregation in chapters 1, 2, 4, 5, 6 and 8.\n\n"
    },
    {
        "ID": "b4ab6126-d1e0-47dd-9673-c0b2e179bbf8",
        "DocumentID": 31,
        "PassageID": "66)",
        "Passage": "INITIAL DISCLOSURE OF MATERIAL ESTIMATES.\nDisclosure of material estimates of Petroleum Reserves\nPursuant to Rule 12.12.1(1), the first time a Petroleum Reporting Entity discloses a material estimate of Petroleum Reserves  it is also required to ensure the disclosure includes all of the material economic assumptions used to calculate those estimates.  These assumptions could include assumed commodity prices and operating / capital cost assumptions.  If the commodity prices that are used differ from current commodity prices, an explanation should be given, including the effect on the economics of a Petroleum project if the current prices were used.\n"
    },
    {
        "ID": "fb3c6739-5b45-4725-95d6-40a618f73a64",
        "DocumentID": 31,
        "PassageID": "67)",
        "Passage": "INITIAL DISCLOSURE OF MATERIAL ESTIMATES.\nDisclosure of material estimates of Petroleum Reserves\nImportantly, Rule 12.12.1(1)(b) provides that a Petroleum Reporting Entity is not expected to have to disclose commercially sensitive information (e.g., pricing or volumes under long term contractual commitments).  A Petroleum Reporting Entity (and other relevant entities) may, however, have to carefully consider whether this information needs to be disclosed to meet other disclosure requirements, including in reference to:\n\na)\twhere an Issuer is issuing a Prospectus within ADGM, and the requirement in section 62(1) of FSMR to include all information that investors would reasonably require and expect to find in a Prospectus for the purposes of making an informed investment decision; and/or\n\nb)\tthe requirements in sections 95(2) of FSMR and Rule 7.2.1 to disclose information that \u2018would, if generally available, be likely to have a significant effect on the price\u2026\u2019 of Financial Instruments.\n"
    },
    {
        "ID": "b53798d6-f748-49d2-82a5-37b8c3740b78",
        "DocumentID": 31,
        "PassageID": "68)",
        "Passage": "In such cases, however, where a Petroleum Reporting Entity relies on Rule 12.12.1(1)(b), it:\n\na)\tmust make a statement to the effect that the material economic assumptions are commercially sensitive;\n\nb)\tshould explain why the information is considered a trade secret or commercially sensitive; and\n\nc)\tmust disclose sufficient information (possibly in narrative rather than numerical form, where the numbers are commercially sensitive) in order for investors to understand the methodology it has used to determine these factors and assumptions, and the basis on which it is reporting the estimates of Petroleum Reserves.\n"
    },
    {
        "ID": "c9a3fdc4-ec4e-4081-80c8-ffaa33376c98",
        "DocumentID": 31,
        "PassageID": "69)",
        "Passage": "INITIAL DISCLOSURE OF MATERIAL ESTIMATES.\nDisclosure of material estimates of Petroleum Reserves\nPetroleum Reporting Entities need to be careful not to claim that information is commercially sensitive when this is not the case.  If a Petroleum Reporting Entity, for example, has not yet entered into any commercially sensitive contracts that underpin its commodity price, capital expenditure or operational expenditure assumptions, it would be difficult to form a view that the information on which those assumptions are based would be commercially sensitive.\n"
    },
    {
        "ID": "610ced02-27f5-4a03-841f-1f48955e4309",
        "DocumentID": 31,
        "PassageID": "70)",
        "Passage": "INITIAL DISCLOSURE OF MATERIAL ESTIMATES.\nDisclosure of material estimates of Petroleum Reserves\nIt is important to note that to the extent an estimate of Petroleum Reserves involves a representation about future matters, it must be based on reasonable grounds.  This means that any economic assumptions used to calculate the estimate must be objectively reasonable, or the representation could otherwise be deemed as misleading and the Petroleum Reporting Entity could face serious legal consequences as a result.  In this regard, Petroleum Reporting Entities should take note of section 69 of FSMR (Statements about future matters) which provides that a person is taken to make a misleading or deceptive statement about a future matter if, at the time of making the statement, that person did not have reasonable grounds for making the statement.\n"
    },
    {
        "ID": "c35f93f8-eeb6-4399-97b4-4847a61e78c8",
        "DocumentID": 31,
        "PassageID": "71)",
        "Passage": "INITIAL DISCLOSURE OF MATERIAL ESTIMATES.\nDisclosure of material estimates of Petroleum Reserves\nPursuant to Rule 12.12.1(3)(a), the first time a Petroleum Reporting Entity discloses a material estimate of Petroleum Reserves, it is required to include a brief description of the basis for confirming commercial producibility of the Petroleum Reserves.  The PRMS (including section 2.1.2) provides that a Petroleum Reporting Entity is to disclose a summary of the types of tests performed, such as production and/or formation testing, and any other analysis undertaken to determine commerciality.  In the absence of production and/or formation testing, this disclosure could be made on the basis of well logs and/or core analysis indicating that the subject reservoir is Petroleum-bearing, and that it is analogous to other Petroleum reservoirs in the immediate area that have demonstrated commerciality (by way of their production and/or formation testing).\n"
    },
    {
        "ID": "21cd129e-eaaf-4084-858e-309b6e24e41f",
        "DocumentID": 31,
        "PassageID": "72)",
        "Passage": "INITIAL DISCLOSURE OF MATERIAL ESTIMATES.\nDisclosure of material estimates of Petroleum Reserves\nPursuant to Rule 12.11.1(5), in circumstances where disclosed estimates of Petroleum Reserves represent aggregated estimates of Petroleum Reserves, a Petroleum Reporting Entity is required to disclose the aggregation method used.  Section 4.2.1 of the PRMS allows for the use of two aggregation methods, being arithmetic summation of estimates by category or statistical aggregation of probability distributions.\n"
    },
    {
        "ID": "607a1632-3966-42ec-84b4-baaa1b8c2af6",
        "DocumentID": 31,
        "PassageID": "73)",
        "Passage": "INITIAL DISCLOSURE OF MATERIAL ESTIMATES.\nDisclosure of material estimates of Petroleum Reserves\nSection 4.2.5.4 recommends that statistical aggregation should not be used beyond the field, property or Petroleum Project level.  It further provides, and the FSRA interprets it as such, that in circumstances where statistical aggregation is used beyond these levels, arithmetic summation should be used, and the Petroleum Reporting Entity should include a statement in its disclosure to the effect that aggregate P1 may be very conservative and aggregate P3 may be very optimistic (depending on the number of items in the aggregate).\n"
    },
    {
        "ID": "114f70bd-b859-40a6-875a-af8252f8973f",
        "DocumentID": 31,
        "PassageID": "74)",
        "Passage": "INITIAL DISCLOSURE OF MATERIAL ESTIMATES.\nDisclosure of material estimates of Petroleum Reserves\nThe PRMS Guidelines provide additional guidance on aggregation in chapters 1, 2, 4, 5, 6 and 8, and on Developed Reserves and Undeveloped Reserves in chapters 3, 6 and 8.  For the purposes of Rule 12.11.1(3), additional guidance on measurement and Reference Points is located in sections 3.2 and 3.2.1 of the PRMS, and chapter 9 of the PRMS Guidelines.\n\n"
    },
    {
        "ID": "e9a3f750-3fc9-4885-a3df-01763fe45ba4",
        "DocumentID": 31,
        "PassageID": "75)",
        "Passage": "INITIAL DISCLOSURE OF MATERIAL ESTIMATES.\nCompetent Persons\nRule 12.15.1 requires that the first time a Petroleum Reporting Entity discloses estimates of Prospective Resources, Contingent Resources or Petroleum Reserves, it must ensure the estimates are prepared by a Competent Person.  The disclosure, pursuant to Rule 12.15.2, must state:\n\na)\tthat it is based on, and fairly represents, information and supporting documentation prepared by a named Competent Person(s);\n\nb)\twhether the Competent Person is an employee of the Petroleum Reporting Entity, or a Related Party, and if not, the name of the Competent Person\u2019s employer; and\n\nc)\tthe name of the professional organisation of which the Competent Person is a member.\n"
    },
    {
        "ID": "4a04b5b1-9439-4412-aca3-7271b3a66680",
        "DocumentID": 31,
        "PassageID": "76)",
        "Passage": "INITIAL DISCLOSURE OF MATERIAL ESTIMATES.\nCompetent Persons\nAs required by Rule 12.15.3(1), the statement referred to in Rule 12.15.2 must only be disclosed with the prior written consent of the Competent Person(s) as to the form and context in which the estimates of Prospective Resources, Contingent Resources or Petroleum Reserves (and the supporting information) are set out and presented within the specific disclosure.\n"
    },
    {
        "ID": "e35df3e6-16bb-4cf3-8be2-e03f2711bee8",
        "DocumentID": 31,
        "PassageID": "77)",
        "Passage": "INITIAL DISCLOSURE OF MATERIAL ESTIMATES.\nCompetent Persons\nThe requirements of Rule 12.15.3(1) apply to (but is not solely limited to) disclosures containing estimates (or materially changed estimates) of Prospective Resources (Rules 12.7 and 12.8), Contingent Resources (Rules 12.9 and 12.10) and Petroleum Reserves (Rules 12.11 and 12.12).  It also applies to the disclosure of a Petroleum Reporting Entity\u2019s Summary of Reserves and Resources (Rule 12.14), as well as the disclosure of a MKT Form 12-1.\n"
    },
    {
        "ID": "3aa61107-6d9a-4374-b34d-a6744d50714b",
        "DocumentID": 31,
        "PassageID": "78)",
        "Passage": "INITIAL DISCLOSURE OF MATERIAL ESTIMATES.\nCompetent Persons\nAs provided for in Rule 12.15.3(2), subsequent inclusion of the Competent Person\u2019s statement is not required upon a re-disclosure of the same Prospective Resources, Contingent Resources or Petroleum Reserves in relation to:\n\na)\tany subsequent disclosure that refers to the estimates of Prospective Resources, Contingent Resources or Petroleum Reserves and references the earlier disclosure containing the statements and consent referred to in Rules 12.15.2 and 12.15.3(1); and\n\nb)\tcircumstances where the Petroleum Reporting Entity confirms in the subsequent disclosure that it is not aware of any new information or data that materially affects the information included in the earlier disclosure, and that all material assumptions and technical parameters underpinning the estimates in the earlier disclosure continue to apply and have not materially changed.\n"
    },
    {
        "ID": "28f0b405-fad7-49cf-9d27-aebb0e2b53cd",
        "DocumentID": 31,
        "PassageID": "79)",
        "Passage": "INITIAL DISCLOSURE OF MATERIAL ESTIMATES.\nCompetent Persons\nIf neither of the above scenarios apply then a subsequent disclosure is to include the statements and consent required by Rule 12.15.2.\n"
    },
    {
        "ID": "c226575c-ac14-40d4-8eb2-2df2ed6dd021",
        "DocumentID": 31,
        "PassageID": "80)",
        "Passage": "QUARTERLY DISCLOSURE OBLIGATIONS\nQuarterly Activity Reports\nThe FSRA requires Petroleum Exploration Reporting Entities and Petroleum Production Reporting Entities to disclose, on a quarterly basis, an update of their activities.\n"
    },
    {
        "ID": "520fe343-6069-4c39-bed3-cfaab08cac89",
        "DocumentID": 31,
        "PassageID": "81)",
        "Passage": "QUARTERLY DISCLOSURE OBLIGATIONS\nQuarterly Activity Reports\nPetroleum Exploration Reporting Entities are required, pursuant to Rule 12.13.1, to disclose a quarterly report which provides, on a consolidated basis:\n\na)\tdetails of its activities relating to Petroleum Exploration, or a statement that there have been no activities relating to Petroleum Exploration (if this is the case);\n\nb)\ta summary of its activities relating to Petroleum production and development, or a statement that there have been no activities relating to Petroleum production and development (if this is the case);\n\nc)\ta summary of the expenditure it has incurred in relation to Petroleum Exploration or Petroleum Production activities; and\n\nd)\tdetails of the Petroleum Tenements, and the beneficial interests in farm-in and farm-out agreements, held by the Petroleum Exploration Reporting Entity as at the end of the relevant quarter, and any changes over the quarter.\n"
    },
    {
        "ID": "29853b0d-2dcc-4824-8be0-e535126dc671",
        "DocumentID": 31,
        "PassageID": "82)",
        "Passage": "QUARTERLY DISCLOSURE OBLIGATIONS\nQuarterly Activity Reports\nPursuant to Rule 12.13.3, Petroleum Production Reporting Entities are required to disclose a quarterly report which provides, on a consolidated basis:\n\na)\tdetails of its activities relating to Petroleum production and development, or a statement that there have been no activities relating to Petroleum production and development;\n\nb)\ta summary of its activities relating to Petroleum Exploration, or a statement that there have been no activities relating to Petroleum Exploration (if this is the case); and\n\nc)\ta summary of the expenditure it has incurrent in relation to Petroleum production and Petroleum Exploration.\n"
    },
    {
        "ID": "45b410b1-88d6-40be-81d5-9bd9a33206aa",
        "DocumentID": 31,
        "PassageID": "83)",
        "Passage": "QUARTERLY DISCLOSURE OBLIGATIONS\nQuarterly Activity Reports\nAs required by Rules 12.13.2 and 12.13.4, the quarterly reports for both Petroleum Exploration Reporting Entities and Petroleum Production Reporting Entities are to be disclosed no later than one month after the end of the relevant quarter.\n\n"
    },
    {
        "ID": "ff82a0ec-8ab5-4f3a-b5c5-8d030a85b4fc",
        "DocumentID": 31,
        "PassageID": "84)",
        "Passage": "QUARTERLY DISCLOSURE OBLIGATIONS\nQuarterly Cash Reports - Petroleum Exploration Reporting Entities\nPetroleum Exploration Reporting Entities are required, pursuant to Rule 10.1.3B(1), to disclose a quarterly cash report in the form set out in Form 10-1.  Rule 10.1.3B2 requires a quarterly cash report to be disclosed no later than one month after the end of the relevant quarter.\n"
    },
    {
        "ID": "1c97754c-0164-4c0b-a842-4a0cb8522710",
        "DocumentID": 31,
        "PassageID": "85)",
        "Passage": "QUARTERLY DISCLOSURE OBLIGATIONS\nQuarterly Cash Reports - Petroleum Exploration Reporting Entities\nPetroleum Exploration Reporting Entities, pursuant to Rules 10.1.7(2)(i) and (iii), and Rule 12.13.1, are not required to disclose:\n\na)\twithin their semi-annual financial report, events that have happened in the first six months of a financial year;\n\nb)\twithin their semi-annual financial report, a description of the principal risks/uncertainties for the remaining six months of the financial year; or\n\nc)\ta semi-annual financial report.\n"
    },
    {
        "ID": "125be5f7-8741-42d6-b2ba-cde95e30bc9b",
        "DocumentID": 31,
        "PassageID": "86)",
        "Passage": "QUARTERLY DISCLOSURE OBLIGATIONS\nQuarterly Cash Reports - Petroleum Exploration Reporting Entities\nThis is because a Petroleum Exploration Reporting Entity\u2019s main expenditure of funds should be expenditure incurred in relation to Petroleum Exploration, without other material revenues outside of this activity.  As a result, the disclosure of a Petroleum Exploration Entity\u2019s quarterly activity reports and quarterly cash reports (as set out above), along with any other disclosures required to be made under Chapters 7 and 12 of the Rules, allow for sufficient information (financial and otherwise) to be available to allow investors to make an informed decision as to the value of a Petroleum Exploration Reporting Entity\u2019s Securities.\n\n"
    },
    {
        "ID": "9ac82393-d0a3-4150-97f1-876ffcad1c2a",
        "DocumentID": 31,
        "PassageID": "87)",
        "Passage": "ANNUAL DISCLOSURES\nSummary of Reserves and Resources\nAs required by Rule 12.14.1, a Petroleum Reporting Entity that has any Petroleum Reserves (Prospective Resources, Contingent Resources or Petroleum Reserves) is required to disclose, on an annual basis, a Summary of Reserves and Resources.\n"
    },
    {
        "ID": "ad8a5773-94df-47c7-9bf6-b826157792af",
        "DocumentID": 31,
        "PassageID": "88)",
        "Passage": "ANNUAL DISCLOSURES\nSummary of Reserves and Resources\nFlexibility is provided to a Petroleum Reporting Entity as to when the Summary of Reserves and Resources is to be disclosed.  Rather than requiring the Summary of Reserves and Resources to always be disclosed by a Petroleum Reporting Entity in its annual financial report, a Petroleum Reporting Entity has the flexibility (provided by Rules 12.13.1(5) and 12.13.3(4)) to disclose the Summary of Reserves and Resources within either its annual financial report or as part of its quarterly activities report.\n"
    },
    {
        "ID": "9fd9b183-48b0-468c-a543-99a0a32f956f",
        "DocumentID": 31,
        "PassageID": "89)",
        "Passage": "ANNUAL DISCLOSURES\nSummary of Reserves and Resources\nA Petroleum Reporting Entity should disclose its Summary of Reserves and Resources within the same report each year (whether that be its annual financial report, or a particular quarterly activities report) so as to allow for suitable year-on-year comparison, and Rules 12.13.1(6) and 12.13.3(5) require each quarterly activity report to state when the previous and next disclosure of a Summary of Reserves and Resources was, and will next be, disclosed.  Together, these Rules allow a Petroleum Reporting Entity to fully align the preparation and disclosure of its Summary of Reserves and Resources with its review process and corporate planning/reporting cycle.\n"
    },
    {
        "ID": "6ebadf70-c332-487e-ac96-759bdd2eacc8",
        "DocumentID": 31,
        "PassageID": "90)",
        "Passage": "ANNUAL DISCLOSURES\nSummary of Reserves and Resources\nThe US Securities Exchange Act of 1934 requires certain companies to file Forms 10-K and 20-F with the SEC.  A Petroleum Reporting Entity that is required to file such forms with the SEC annually is not required, pursuant to Rule 12.14.2, to disclose a Summary of Reserves and Resources as otherwise set out in Rule 12.14.1.  The FSRA may require a Petroleum Reporting Entity to disclose the filed SEC Forms 10-K and 20-F, if these relevant forms have otherwise not been disclosed to the market.\n"
    },
    {
        "ID": "3863e612-3064-4d97-8e7f-cf44caf0b62e",
        "DocumentID": 31,
        "PassageID": "91)",
        "Passage": "INTERACTION OF CHAPTER 12 WITH OTHER RULE DISCLOSURE OBLIGATIONS. As set out in earlier parts of this Guidance, the disclosure obligations relating to Petroleum Activities and to Petroleum Reporting Entities (as set out in Chapter 12 of the Rules) operate closely with the disclosure obligations set out in separately within the Rules, including Chapter 7 (Market Disclosure), Chapter 10 (Accounting Periods, Financial Reports and Auditing), Chapter 2 (The Listing Rules) and Chapter 4 (Offers of Securities).  This means that where a Petroleum Reporting Entity is required to make a disclosure in relation to Petroleum activities under Rule 7.2.1, the information contained in the disclosure must not only comply with Rule 7.2.1 but also with any applicable Rules within Chapter 12.  The same principle applies in the context of an Issuer making an Offer of Securities within ADGM, such that the Prospectus requirements of Chapter 4 of the Rules, Appendix 1 of the Rules (Content of a Prospectus) and Chapter 12 will all apply.\n"
    },
    {
        "ID": "2cb6aab3-73ce-4c82-9801-09ae2249abde",
        "DocumentID": 31,
        "PassageID": "92)",
        "Passage": "INTERACTION OF CHAPTER 12 WITH OTHER RULE DISCLOSURE OBLIGATIONS. The FSRA considers that the obligation for a Petroleum Reporting Entity to disclose material information about Petroleum activities under Rule 7.2.1 and Chapter 12 will generally only be triggered when the Petroleum Reporting Entity is in possession of all the information that it is required to include in a disclosure about that Petroleum activity (being the information required to be disclosed under Chapter 12 of the Rules).\n"
    },
    {
        "ID": "209d701c-4166-4d1b-a133-4819fe44c995",
        "DocumentID": 31,
        "PassageID": "93)",
        "Passage": "INTERACTION OF CHAPTER 12 WITH OTHER RULE DISCLOSURE OBLIGATIONS. Prior to a Petroleum Reporting Entity having all of the relevant information available to it, the FSRA considers that any material information a Petroleum Reporting Entity may have about the Petroleum activity will generally be insufficiently definite to warrant disclosure under the Rules.  Therefore, provided that any material information held by the Petroleum Reporting Entity is and remains confidential, the FSRA may form the view that the material information is not immediately required to be disclosed under Rule 7.2.2.  For more information, please refer to Chapter 7 of the Rules, and any relevant Guidance that the FSRA may publish from time in relation to the FSRA\u2019s expectations as to how Reporting Entities are to comply with Chapter 7.\n\n"
    },
    {
        "ID": "7e179205-87ea-4620-b73a-a99113b1113e",
        "DocumentID": 31,
        "PassageID": "94)",
        "Passage": "INTERACTION OF CHAPTER 12 WITH OTHER RULE DISCLOSURE OBLIGATIONS.\nOffers, and Admission to FSRA Official List of Securities\nAs set out in the Rules, and reinforced by this Guidance, the disclosure obligations imposed by the FSRA establish a high bar for the purposes of compliance by Petroleum Reporting Entities.  The intention behind these Rules is to provide a clear, rational set of regulatory requirements, in order to provide:\n\na)\tPetroleum Reporting Entities with clear requirements as to what they need to understand to enable them to properly comply with the requirements of being a Petroleum Reporting Entity; and\n\nb)\tthe market (that invests and trades in the Securities of the Petroleum Reporting Entity) a clear, and suitably regulated, framework to allow it fully understand the information required to be disclosed by Petroleum Reporting Entities.\n"
    },
    {
        "ID": "97b443fc-5c1e-4bfd-a56f-d4def431592a",
        "DocumentID": 31,
        "PassageID": "95)",
        "Passage": "INTERACTION OF CHAPTER 12 WITH OTHER RULE DISCLOSURE OBLIGATIONS.\nOffers, and Admission to FSRA Official List of Securities\nFor these reasons, the FSRA considers these Rules (particularly in the way that they inter-relate between Issuers/entities making an Offer of Securities and Reporting Entities) establish a standard of disclosure of, and expectations of related conduct by Petroleum Reporting Entities, of a market leading calibre.  The FSRA therefore intends that these Rules be applied only to those entities that will undertake and comply with the full set of requirements within the Rules, meaning that a Petroleum Reporting Entity should be:\n\na)\tconducting an Offer of Securities and complying with Rule 11.3;\n\nb)\tseeking admission to the Official List of Securities (under section 51 of FSMR); and\n\nc)\tseeking admission to trading on a Recognised Investment Exchange (RIE);  and\n\nd)\tcomplying with the ongoing disclosure Rules in their entirety, including Chapter 11.\n"
    },
    {
        "ID": "63302884-3aea-4f92-a00d-a883573b0ffb",
        "DocumentID": 31,
        "PassageID": "96)",
        "Passage": "INTERACTION OF CHAPTER 12 WITH OTHER RULE DISCLOSURE OBLIGATIONS.\nOffers, and Admission to FSRA Official List of Securities\nIn effect, the FSRA sees the ability of a Petroleum Reporting Entity to raise capital within ADGM and ensure ongoing compliance with the Rules as part of an over-arching set of regulatory requirements.  The following circumstances, therefore, are important to note:\n\na)\tIf an Issuer was seeking to make a Prospectus Offer within ADGM, but was not seeking to be listed and traded within ADGM, then depending on where the listing and trading is to occur, the FSRA may not view the entity as having the required \u2018investor protection\u2019 and \u2018disclosure\u2019 protections in place, and therefore may not be in a position to form a view that it can approve the Prospectus under Rule 4.6.2.  In such circumstance, it may be the FSRA\u2019s general view that the Issuer (or relevant entity) should also seek admission to the Official List of Securities and admission to trading on an RIE;\n\nb)\tIf an issuer was seeking to make a prospectus offer outside ADGM, and then seeking to be listed and traded within ADGM, then depending on where the listing and trading was to occur the FSRA may not view the issuer as having made an offer of securities that is equivalent to those made under and in compliance with the requirements of the Rules.  The FSRA may, therefore, also form a view that it is not in a position to approve an admission to the Official List of Securities (under section 50(2) of FSMR) due to the offer having adequate \u2018investor protection\u2019 and \u2018disclosure\u2019 protections in place.  In such circumstance, it may be the FSRA\u2019s general view that the Issuer (or relevant entity) should also make a Prospectus Offer within ADGM as well;\n\nc)\tIf an Issuer was seeking to make a Prospectus Offer within ADGM and in another \u2018equivalent\u2019 jurisdiction,  but not seeking to be listed and traded within ADGM, the FSRA may be in a position to consider that the required \u2018investor protection\u2019 and \u2018disclosure\u2019 protections are in place, and form a view that it can approve the Prospectus under Rule 4.6.2;\n\nd)\tIf an Issuer was seeking to make a Prospectus Offer within ADGM and outside ADGM (into an \u2018equivalent jurisdiction\u2019 ), as well as seeking admission to the Official List of Securities and admission to trading on an RIE (on a primary listing, dual-listing, or secondary listing basis), the FSRA may be in a position to consider that the required \u2018investor protection\u2019 and \u2018disclosure\u2019 protections are in place, and form a view that it can approve the Prospectus under Rule 4.6.2 and approve an admission to the Official List of Securities (under section 50(2) of FSMR).\n"
    },
    {
        "ID": "3ac425ea-1e15-4122-a85a-baee5c15e270",
        "DocumentID": 31,
        "PassageID": "97)",
        "Passage": "INTERACTION OF CHAPTER 12 WITH OTHER RULE DISCLOSURE OBLIGATIONS.\nOffers, and Admission to FSRA Official List of Securities\nConsidering the circumstances above, and the positioning of the FSRA in relation to these matters, the FSRA suggests that Issuers/Petroleum Reporting Entities (and their advisors) contact the FSRA as early as possible to discuss.\n\n"
    },
    {
        "ID": "9790d1a0-0157-46b6-b26a-7d4f20c6af56",
        "DocumentID": 31,
        "PassageID": "98)",
        "Passage": "MKT FORM 12-1 \u2013 Summary of Reserves and Resources. Rule 12.14.1 requires a Petroleum Reporting Entity to include, in its Summary of Reserves and Resources (see paragraphs 85\u201388 above), a table set out in the form of MKT Form 12-1.  The information contained in MKT Form 12-1 must be current as of the date no earlier than one month prior to the disclosure of MKT Form 12-1.\n"
    },
    {
        "ID": "96474420-a00b-4c08-8cfc-4d2e6ed6dd03",
        "DocumentID": 31,
        "PassageID": "99)",
        "Passage": "MKT FORM 12-1 \u2013 Summary of Reserves and Resources. The use of the table format within MKT Form 12-1 is intended to provide Petroleum Reporting Entities with flexibility in the way it discloses the Summary of Reserves and Resources, as well as ensuring consistency of reporting under the Rules.  In Guidance set out in Rule 12.2.1, the FSRA sets out its expectation that to ensure consistency of its disclosures, Petroleum Reporting Entities should be mindful of the table format for the disclosure of Petroleum Resources as set out in MKT Form 12-1.\n"
    },
    {
        "ID": "6fbc9fb3-4bde-4940-8d44-1080fc72e417",
        "DocumentID": 31,
        "PassageID": "100)",
        "Passage": "MKT FORM 12-1 \u2013 Summary of Reserves and Resources. The geographical areas by which a Petroleum Reporting Entity chooses to disclose its aggregated Petroleum Reserves within MKT Form 12-1 is a matter for the Petroleum Reporting Entity to determine, having regard to its individual circumstances and the materiality of the Petroleum Reserves in question.  Petroleum Reporting Entities can choose to report by continent, by country, by state or by other distinct geographical area.  Petroleum Reporting Entities may also choose to disclose estimates of Petroleum Reserves for a particular basin (if material), with a mix of other geographical areas.\n"
    },
    {
        "ID": "54630267-d5b5-48e5-be01-84b076cab35d",
        "DocumentID": 31,
        "PassageID": "101)",
        "Passage": "MKT FORM 12-1 \u2013 Summary of Reserves and Resources. MKT Form 12-1 requires a Petroleum Reporting Entity to disclose, amongst other things, a summary of its governance arrangements and internal controls, as well as a summary of its policies and practices relating to operating in a sustainable manner.\n\n"
    }
]