[
    {
        "ID": "3edcc00b-3640-408b-82e8-43974c668e89",
        "DocumentID": 36,
        "PassageID": "A.",
        "Passage": "INTRODUCTION\n"
    },
    {
        "ID": "e62a1b4d-5071-4d89-bfe1-e210d02645be",
        "DocumentID": 36,
        "PassageID": "A.1.",
        "Passage": "The UAE Sustainable Finance Working Group (SFWG) was established in 2019 to enable the UAE\u2019s economic transition and encourage the adoption of sustainable finance at the national level. This is in line with the Paris Agreement ratified by the UAE in 2016 and domestic acts and initiatives, such as the UAE Green Agenda 2015-2030, the National Climate Change Plan of the UAE 2017-2050 and the UAE Net Zero by 2050 Strategic Initiative.\n"
    },
    {
        "ID": "4a1eb21e-b459-43c8-a309-dcbe0951bd19",
        "DocumentID": 36,
        "PassageID": "A.2.",
        "Passage": "The members of the SFWG include ministries (Ministry of Finance, Ministry of Economy, Ministry of Climate Change and Environment, the Office of the UAE's Special Envoy for Climate Change), financial services regulators (the Central Bank of the UAE, the Securities and Commodities Authority, the Financial Services Regulatory Authority of Abu Dhabi Global Market and the Dubai Financial Services Authority), and UAE exchanges (Abu Dhabi Securities Exchange, Dubai Financial Market and Nasdaq Dubai).\n"
    },
    {
        "ID": "3a65ba86-5e55-4200-b3f5-60371f17e5a6",
        "DocumentID": 36,
        "PassageID": "A.3.",
        "Passage": "In 2020, in its Guiding Principles on Sustainable Finance in the UAE , the SFWG committed to developing standards for the financial sector to integrate ESG factors into corporate governance, strategy and risk management. In its First Public Statement published in November 2021, the SFWG set out its roadmap and refined its focus setting out three interlinked work areas including on ESG reporting, corporate governance and risk management, and taxonomy. In November 2022, in its Second Public Statement, the SFWG reported on the progress of its three workstreams. In particular, the Workstream Two on Sustainability-focused Corporate Governance announced it would start working on developing enhanced standards to help embed and address climate-related risks in corporate governance and risk management in financial services entities in the UAE.\n"
    },
    {
        "ID": "4d72e5b8-a93e-422d-8e8f-6e91af1d9486",
        "DocumentID": 36,
        "PassageID": "A.4.",
        "Passage": "This document is the result of the efforts of Workstream Two and contains Principles for the effective management of climate-related financial risks (the Principles) which are issued in accordance with the relevant laws in each jurisdiction. The Principles have been developed in consideration of a number of standards on this topic published by international standard-setters. The key standards used for the purpose of the Principles include the Principles for the effective management and supervision of climate-related financial risks from the Basel Committee on Banking Supervision (BCBS) and the Guide for Supervisors Integrating climate-related and environmental risks into prudential supervision by the Network for Greening the Financial System (NGFS).  A more complete list of international standards covering, for example, risk scenarios or details of the insurance sector is included in the Annex.\n\n"
    },
    {
        "ID": "98975c80-a824-4969-8843-3f0d9e724c01",
        "DocumentID": 36,
        "PassageID": "B.",
        "Passage": "APPLICATION\n"
    },
    {
        "ID": "af65e9e1-529e-4faf-a833-d4a9913790bf",
        "DocumentID": 36,
        "PassageID": "B.5.",
        "Passage": "The Principles constitute a declaration of common understanding among the SFWG members on the minimum standards that they expect to implement in their respective jurisdictions and in line with their legal frameworks in the area of climate risk management.\n"
    },
    {
        "ID": "e58be1ec-fc7b-497a-95ba-d89aedb5da4b",
        "DocumentID": 36,
        "PassageID": "B.6.",
        "Passage": "While the Principles are endorsed by the entire SFWG, it is understood that they are primarily relevant for those members who are financial services regulators. The ministries and exchanges may consider them in the context of their activities, where relevant.\n"
    },
    {
        "ID": "1a860ff3-2da9-4408-a83e-8633ff3d35ab",
        "DocumentID": 36,
        "PassageID": "B.7.",
        "Passage": "For the purposes of the Principles, financial sector entities are referred to collectively as \u2018financial firms\u2019 without drawing distinctions between the various financial service activities offered by these entities. While it is recognised that the BCBS and the NGFS standards are primarily designed for the banking and insurance sectors, the Principles are drafted to cater for a wider spectrum of financial firms and taking into account differences in business models.\n"
    },
    {
        "ID": "cc390e53-3eab-428b-9f3d-d7f872b6be0b",
        "DocumentID": 36,
        "PassageID": "B.8.",
        "Passage": "It remains in the discretion of each of the financial services regulators to determine the financial firms in scope of the Principles, how to apply each of them and the timeframe to do so in their jurisdictions. However, the relevant financial services regulators intend to commence application of these Principles in respect of their firms not later than from October 2023. The financial services regulators may also introduce additional details relevant for specific types of financial firms, in particular based on the standards cited in the Annex.\n"
    },
    {
        "ID": "6a3b22a2-e0ae-41d1-9b8d-92559702bb8a",
        "DocumentID": 36,
        "PassageID": "B.9.",
        "Passage": "It is recognised that several standards in this area are still evolving at international level. This fact has been reflected in the drafting of the Principles allowing for the necessary flexibility and adaptations to future developments.\n"
    },
    {
        "ID": "e081b470-acb9-44c2-a817-1430a6a6b4f5",
        "DocumentID": 36,
        "PassageID": "C.",
        "Passage": "GENERAL CONSIDERATIONS\n"
    },
    {
        "ID": "1aa84873-4088-4ebc-bd13-74432a8cc214",
        "DocumentID": 36,
        "PassageID": "C.10.",
        "Passage": "Transitioning to a low-carbon, and subsequently zero-carbon, economy entails both risks and opportunities for the financial sector. Strong corporate governance can drive and enable financial firms to identify and take the strategic steps necessary to develop and deploy new and more sustainable approaches and technologies, to strengthen business models and to improve both business and sustainability metrics. Importantly, enhanced risk management is critical for financial firms to identify and manage these risks better and to be able to demonstrate this to their clients and supervisors.\n"
    },
    {
        "ID": "481ac3ed-385d-4e4f-999c-98535a065ae3",
        "DocumentID": 36,
        "PassageID": "C.11.",
        "Passage": "Climate-related financial risk refers to the financial risks arising from climate change, including physical, transition and liability risks. Such risks could impact the viability and soundness of individual financial firms and have broader implications for financial stability.\n"
    },
    {
        "ID": "0c9fc112-63f6-4e27-90b7-6373efe97292",
        "DocumentID": 36,
        "PassageID": "C.12.",
        "Passage": "Physical risk refers to potential economic and financial losses from climate and weather-related events and the long-term progressive impact of climate change.\n"
    },
    {
        "ID": "1e080974-749a-4c9a-a21f-7114697b3a89",
        "DocumentID": 36,
        "PassageID": "C.13.",
        "Passage": "Transition risk refers to the financial risk related to the process of adjustment towards a lower-carbon economy, which can be prompted by, for example, changes in climate policy, technological changes or change in market and social sentiments.\n"
    },
    {
        "ID": "48280d6a-e656-46ab-a689-6f3b76f3ae49",
        "DocumentID": 36,
        "PassageID": "C.14.",
        "Passage": "Liability risk refers to climate-related compensatory claims and/or direct legal actions against financial firms. Liability risk can be considered as a separate risk but can also be treated as a subset of physical and transition risks.\n"
    },
    {
        "ID": "f40db690-e1e4-4460-bbd1-345aad45fe38",
        "DocumentID": 36,
        "PassageID": "C.15.",
        "Passage": "Climate-related financial risks are not bound by timelines and can emerge within the short, medium, and long-term. They can materialize through transmission channels in the balance sheets of financial firms and within the traditional categories of financial risks, including credit, market, operational, underwriting, reputational and liquidity risks.\n"
    },
    {
        "ID": "2b807fb7-da5a-4c79-9593-558d0a6226f4",
        "DocumentID": 36,
        "PassageID": "C.16.",
        "Passage": "The reference to the board and senior management throughout the Principles is to be understood in accordance with their respective roles and responsibilities and is meant to include the members of the board of directors (or equivalent) and senior management. The Principles do not presume or endorse a specific board or senior management structure, nor do they advocate for a specific approach to assigning climate-related financial risk responsibilities within a financial firm.\n"
    },
    {
        "ID": "177dc361-325e-4bb5-a8fc-8a4d7e700916",
        "DocumentID": 36,
        "PassageID": "D.",
        "Passage": "THE PRINCIPLES\n"
    },
    {
        "ID": "628ad7ba-55e1-4833-bea9-2733af5c7616",
        "DocumentID": 36,
        "PassageID": "D.1.",
        "Passage": "Principle 1 \u2013 Oversight and responsibility of climate-related financial risk exposures. The board and senior management of financial firms should have an appropriate understanding of the organization\u2019s climate-related financial risk exposures and their potential impact to facilitate effective oversight.\n"
    },
    {
        "ID": "588ad88c-0346-451c-825c-cadb70de504d",
        "DocumentID": 36,
        "PassageID": "D.1.1.",
        "Passage": "Principle 1 \u2013 Oversight and responsibility of climate-related financial risk exposures. The financial firm should ensure that the board and senior management have an adequate understanding of climate-related financial risks and that senior management is equipped with the appropriate skills and experience to manage and oversee these risks.\n"
    },
    {
        "ID": "3e3434e6-099d-4bf5-9fbb-a9cf0b0fcc85",
        "DocumentID": 36,
        "PassageID": "D.1.2.",
        "Passage": "Principle 1 \u2013 Oversight and responsibility of climate-related financial risk exposures. Financial firms should have in place a sound climate-related financial risk management framework as part of their overall business strategy, including considering the risk appetite specific to climate-related financial risks. The risk appetite should be defined, approved and overseen by the board. The board should be able to provide evidence of its ongoing oversight of these risks, particularly when they are deemed to be material.\n"
    },
    {
        "ID": "cb726396-dc04-4a52-97b7-67f000c4ea05",
        "DocumentID": 36,
        "PassageID": "D.1.3.",
        "Passage": "Principle 1 \u2013 Oversight and responsibility of climate-related financial risk exposures.Certain functions related to the management of climate-related financial risks may be delegated, but, as with other risks, the board is ultimately responsible and accountable for monitoring, managing and overseeing climate-related risks for the financial firm.\n"
    },
    {
        "ID": "f9b520f5-2ab5-497f-9ffc-3258c3340831",
        "DocumentID": 36,
        "PassageID": "D.1.4.",
        "Passage": "Principle 1 \u2013 Oversight and responsibility of climate-related financial risk exposures. Where required, financial firms should ensure that the board and senior management actively keep up to date to develop and maintain sufficient knowledge and skills to understand and assess the impact of climate-related financial risks on the financial firm and the broader financial sector, including by providing training. In addition, financial firms should also provide capacity building and training to relevant personnel to enhance management of climate-related financial risks.\n"
    },
    {
        "ID": "4f52540b-3576-4d61-a8a6-85b26ee95f80",
        "DocumentID": 36,
        "PassageID": "D.2.",
        "Passage": "Principle 2 - Incorporation of climate-related financial risk exposures into overall business strategy. The board and senior management of a financial firm should consider material climate-related financial risk exposures when setting the organization\u2019s overall business strategy.\n"
    },
    {
        "ID": "efde213f-e41b-4b8e-ad2f-19aab3a7ec5b",
        "DocumentID": 36,
        "PassageID": "D.2.1.",
        "Passage": "Principle 2 - Incorporation of climate-related financial risk exposures into overall business strategy. In developing and executing the financial firm\u2019s overall strategic plan, the board and senior management should ensure that all risks including material climate-related financial risks and the ensuing opportunities are considered. Please refer to Principle 4 for considerations on materiality.\n"
    },
    {
        "ID": "849bf000-c5b9-469a-a602-71ceb593e43d",
        "DocumentID": 36,
        "PassageID": "D.2.2.",
        "Passage": "Principle 2 - Incorporation of climate-related financial risk exposures into overall business strategy. Any climate-related strategies or objectives should align with and support the financial firm\u2019s broader strategy, risk appetite, and risk management framework.\n"
    },
    {
        "ID": "5d9bcded-f2e7-4adf-b237-27530e6dd8c0",
        "DocumentID": 36,
        "PassageID": "D.2.3.",
        "Passage": "Principle 2 - Incorporation of climate-related financial risk exposures into overall business strategy. It is recognised that the incorporation of material climate-related financial risks into various planning processes is evolving as measurement methodologies, models, and data for analysing these risks mature over time. The board and senior management should ensure that climate-related financial risks are documented and periodically reviewed. Any climate-related strategies or objectives should be continuously improved based on the lessons drawn from measuring, analysing and monitoring of these risks.\n"
    },
    {
        "ID": "16955e13-fac6-4e0d-9506-84c56330a727",
        "DocumentID": 36,
        "PassageID": "D.3.",
        "Passage": "Principle 3 \u2013 Assigning climate-related financial risk management responsibilities within the organization . The financial firm\u2019s board should assign climate-related financial risk management responsibilities throughout the organization.\n"
    },
    {
        "ID": "ea750995-36f4-4d77-a042-be63331dfc3a",
        "DocumentID": 36,
        "PassageID": "D.3.1.",
        "Passage": "Principle 3 \u2013 Assigning climate-related financial risk management responsibilities within the organization . Responsibilities for identifying and managing climate-related financial risks should be clearly assigned to either board committees or appropriate senior management to ensure climate-related financial risks are appropriately considered as part of the financial firm\u2019s business strategy and risk management framework.\n"
    },
    {
        "ID": "6d891833-a7ac-4473-b8bd-81d09d98d81b",
        "DocumentID": 36,
        "PassageID": "D.3.2.",
        "Passage": "Principle 3 \u2013 Assigning climate-related financial risk management responsibilities within the organization . As outlined in Principle 1, while the financial firm\u2019s board remains ultimately responsible and accountable for the oversight of the management of climate-related financial risks, the assignment of responsibilities in line with Principle 3 should be formally documented.\n"
    },
    {
        "ID": "83c63f1a-401e-4d84-8d43-2ecd59d4502e",
        "DocumentID": 36,
        "PassageID": "D.3.3.",
        "Passage": "Principle 3 \u2013 Assigning climate-related financial risk management responsibilities within the organization . Such roles and responsibilities should be clearly defined to ensure there is clarity over functions, accountability, governance structure, escalation processes and reporting procedures across the financial firm in relation to climate-related financial risk management.\n"
    },
    {
        "ID": "caba920b-c4a6-4af8-807b-9692bee0bb49",
        "DocumentID": 36,
        "PassageID": "D.3.4.",
        "Passage": "Principle 3 \u2013 Assigning climate-related financial risk management responsibilities within the organization . Where dedicated climate-related roles or departments are established, their responsibilities and interaction with existing governance structures should be clearly defined and documented.\n"
    },
    {
        "ID": "77abe524-5baf-4249-9830-cf0bf58f014a",
        "DocumentID": 36,
        "PassageID": "D.3.5.",
        "Passage": "Principle 3 \u2013 Assigning climate-related financial risk management responsibilities within the organization . Roles and responsibilities for identifying and managing climate-related financial risks should be regularly reviewed to ensure it continues to be relevant to the nature and complexity of the business model and activities of the financial firm as well as the evolution of climate-related financial risks management approaches and methodologies.\n"
    },
    {
        "ID": "1c439379-397b-4bca-b7e0-5b81bbe94b09",
        "DocumentID": 36,
        "PassageID": "D.4.",
        "Passage": "Principle 4 \u2013 Incorporation of climate-related financial risks into risk management framework. The financial firm\u2019s board and senior management should oversee the incorporation of climate-related financial risks into the organization\u2019s internal risk management framework and oversee the development and implementation of policies and procedures to identify, assess, measure, mitigate, monitor and report on climate-related financial risk exposures.\n"
    },
    {
        "ID": "9e90a490-29dd-470a-b14e-3890954a1f0a",
        "DocumentID": 36,
        "PassageID": "D.4.1.",
        "Passage": "Principle 4 \u2013 Incorporation of climate-related financial risks into risk management framework. Climate-related financial risks affecting financial firms should be identified. Identification of these risks should involve a comprehensive assessment of how the risks posed by climate-related matters may affect the financial firm, which should include an assessment of climate-related financial risks across a range of plausible scenarios and under various time horizons.\n"
    },
    {
        "ID": "84910980-d342-4932-bbdd-6f80dccae0b5",
        "DocumentID": 36,
        "PassageID": "D.4.2.",
        "Passage": "Principle 4 \u2013 Incorporation of climate-related financial risks into risk management framework. An appropriate framework for managing climate-related financial risks should be based on a comprehensive assessment of how and to what extent such risks would affect the financial firm\u2019s business, operations and/or portfolios. The assessment of climate-related financial risks should take into account strategic, financial, operational and reputational risk implications.\n"
    },
    {
        "ID": "df1a0712-44aa-4834-9350-1c6ac41fe97c",
        "DocumentID": 36,
        "PassageID": "D.4.3.",
        "Passage": "Principle 4 \u2013 Incorporation of climate-related financial risks into risk management framework. Financial firms should conduct a materiality assessment with clear definitions and thresholds for climate-related financial risks, which will help them decide how to embed climate-related financial risks into their existing risk management frameworks.\n"
    },
    {
        "ID": "c3449601-e09e-4b9e-a311-af64bb91411a",
        "DocumentID": 36,
        "PassageID": "D.4.4.",
        "Passage": "Principle 4 \u2013 Incorporation of climate-related financial risks into risk management framework. A financial firm should, in a materiality assessment, consider its exposure to physical and transition risks.\n"
    },
    {
        "ID": "dc0ad2c0-0930-4a16-92ad-417093a96c45",
        "DocumentID": 36,
        "PassageID": "D.4.5.",
        "Passage": "Principle 4 \u2013 Incorporation of climate-related financial risks into risk management framework. Depending on the type of exposure and risk drivers, financial firms should deploy qualitative and/or quantitative approaches to assess the materiality of the risks. To form a final judgement on materiality, financial firms should develop a threshold, or a combination of thresholds, against which the outcome of the materiality assessment is determined. These thresholds can be quantitative or qualitative, depending on whether a quantitative assessment of materiality is feasible or whether a qualitative threshold is more suitable.\n"
    },
    {
        "ID": "f273f0b3-df32-45c7-83c3-edf021dbc7b1",
        "DocumentID": 36,
        "PassageID": "D.4.6.",
        "Passage": "Principle 4 \u2013 Incorporation of climate-related financial risks into risk management framework. Based on the materiality and potential impacts identified, financial firms should update their existing risk management framework to embed climate-related financial risk considerations.\n"
    },
    {
        "ID": "5745184a-18cf-44a5-a7bd-4ff0a721b858",
        "DocumentID": 36,
        "PassageID": "D.4.7.",
        "Passage": "Principle 4 \u2013 Incorporation of climate-related financial risks into risk management framework. Financial firms should also regularly review relevant policies and processes to assess their effectiveness, and adjust them based on the outcomes of ongoing risk monitoring. Any ensuing updates to these policies and procedures should be documented.\n"
    },
    {
        "ID": "e276310c-9d24-4d22-897c-86ad64722c53",
        "DocumentID": 36,
        "PassageID": "D.4.8.",
        "Passage": "Principle 4 \u2013 Incorporation of climate-related financial risks into risk management framework. Where material climate-related financial risks are identified, financial firms should establish and implement plans to mitigate these risks and manage their exposures. Examples of such mitigation measures include establishing and enforcing sectoral or client-specific risk and relationship limits, including financial and durational; adjusting client engagement criteria; or applying haircuts to asset values, among others.\n"
    },
    {
        "ID": "b92c3f0f-c009-4e5a-b95d-f3216f0d59e1",
        "DocumentID": 36,
        "PassageID": "D.4.9.",
        "Passage": "Principle 4 \u2013 Incorporation of climate-related financial risks into risk management framework. Relevant financial firms should consider climate-related financial risk within established traditional risk categories (for example, credit, market, liquidity, operational, underwriting and reputational risk profiles) or, depending on the materiality of the perceived risk, as a stand-alone risk category.\n"
    },
    {
        "ID": "bace2763-f382-43a4-a387-6fe250f44c4a",
        "DocumentID": 36,
        "PassageID": "D.4.10.",
        "Passage": "Principle 4 \u2013 Incorporation of climate-related financial risks into risk management framework. In line with their usual risk governance arrangements, relevant financial firms should consider how best to allocate the responsibilities for managing climate-related financial risks, such as by allocating them across the \u201cthree lines of defence\u201d (core business, risk function and internal audit) to ensure comprehensive and effective identification, measurement monitoring and mitigation of climate-related financial risk.\n"
    },
    {
        "ID": "a7b6859d-a92c-421f-93f5-51616acbe184",
        "DocumentID": 36,
        "PassageID": "D.4.11.",
        "Passage": "Principle 4 \u2013 Incorporation of climate-related financial risks into risk management framework. A financial firm that has significant relationships with other entities in its group, including subsidiaries, affiliates or international branches, should develop and maintain methods and processes to coordinate the identification, assessment, measurement, mitigation, monitoring and reporting of material climate-related financial risks across the group.\n"
    },
    {
        "ID": "7f622cbf-b772-40c1-951c-f2a0903b274a",
        "DocumentID": 36,
        "PassageID": "D.5.",
        "Passage": "Principle 5 \u2013 Monitoring and reporting of climate-related financial risks .The financial firm should ensure that internal reporting systems are capable of monitoring material climate-related financial risks and producing relevant, accurate and timely information to inform effective board and senior management decision-making. Such information should be reported to the board, senior management and relevant stakeholders, where required to do so. The financial firm should address identified information and data gaps.\n"
    },
    {
        "ID": "3c7c8f70-0d75-4201-abd5-7b185d55ae0f",
        "DocumentID": 36,
        "PassageID": "D.5.1.",
        "Passage": "Principle 5 \u2013 Monitoring and reporting of climate-related financial risks . The board and senior management should ensure that the financial firm has systems and resources in place to collect, analyse and aggregate climate-related financial risk data. Senior management should incorporate climate-related financial risk information in internal reporting, monitoring, and escalation processes, where relevant. This will facilitate timely and sound decision-making across the firm.\n"
    },
    {
        "ID": "28adb580-3f40-4dee-b1f9-10e2736dfd62",
        "DocumentID": 36,
        "PassageID": "D.5.2.",
        "Passage": "Principle 5 \u2013 Monitoring and reporting of climate-related financial risks . The financial firm should establish procedures to provide the board and senior management with relevant information on its material climate-related financial risk exposures, including monitoring and mitigation actions. The extent, form and frequency of internal reporting should be based on the nature and scale of the risks to which the financial firm is exposed.\n"
    },
    {
        "ID": "ab558df1-03af-49e5-afb6-1d96a07706fe",
        "DocumentID": 36,
        "PassageID": "D.5.3.",
        "Passage": "Principle 5 \u2013 Monitoring and reporting of climate-related financial risks . Financial firms should develop metrics to monitor and report climate-related financial risks appropriate to their size, complexity, risk profile and activities. Like all risks, climate-related financial risks should be closely monitored; the higher the impact, the higher the review frequency.\n"
    },
    {
        "ID": "ed448ddf-5ef3-4d47-a357-c554830545d8",
        "DocumentID": 36,
        "PassageID": "D.5.4.",
        "Passage": "Principle 5 \u2013 Monitoring and reporting of climate-related financial risks . Financial firms should ensure that risk monitoring captures the potential impact of climate-related risk drivers on the financial firm\u2019s third-party arrangements and business continuity planning.\n"
    },
    {
        "ID": "5eb401b4-704c-48aa-ae55-a9c3eb80a8a8",
        "DocumentID": 36,
        "PassageID": "D.5.5.",
        "Passage": "Principle 5 \u2013 Monitoring and reporting of climate-related financial risks . Given the evolving nature of climate-related financial risks, financial firms should monitor developments and seek to understand and, where possible, manage the impact of climate-related financial risk drivers on other material risks where additional transmission channels are identified. This should feed into the risk identification, assessment, measurement, mitigation and monitoring processes of these material risks.\n"
    },
    {
        "ID": "d6c5d994-fc0c-4f49-93cb-1f4d2c063041",
        "DocumentID": 36,
        "PassageID": "D.5.6.",
        "Passage": "Principle 5 \u2013 Monitoring and reporting of climate-related financial risks . Where appropriate, financial firms should consider building capabilities to address any information and data gaps. For example, data collection processes may need to be enhanced, such as strengthening the engagement with clients to develop a better understanding of the impact of climate-related financial risks on clients\u2019 businesses, obtaining more climate-related or environmental information from clients, and using appropriate data proxies where necessary.\n"
    },
    {
        "ID": "9bdca49d-f75e-494d-be82-fe025f900f53",
        "DocumentID": 36,
        "PassageID": "D.5.7.",
        "Passage": "Principle 5 \u2013 Monitoring and reporting of climate-related financial risks . Financial firms should develop an adequate data governance framework that covers the nature and level of the risks to which they are or might be exposed and which allows them to use sufficiently forward-looking and granular climate-related risk information in their risk management and governance strategy.\n"
    },
    {
        "ID": "fbec9e82-1c04-4264-ae42-35675d002b03",
        "DocumentID": 36,
        "PassageID": "D.6.",
        "Passage": "Principle 6 \u2013 Incorporation of climate-related financial risks into capital and liquidity adequacy processes. Relevant financial firms should incorporate material climate-related financial risks in their internal capital and liquidity adequacy assessment processes.\n"
    },
    {
        "ID": "8933459b-14ab-46ff-bc01-572efbb32e8f",
        "DocumentID": 36,
        "PassageID": "D.6.1.",
        "Passage": "Principle 6 \u2013 Incorporation of climate-related financial risks into capital and liquidity adequacy processes. Relevant financial firms should develop processes to evaluate the liquidity, capital and solvency impact of climate-related financial risks that may manifest within specified time horizons.\n"
    },
    {
        "ID": "3eef4314-f490-4cc5-9412-87a6b8b185c7",
        "DocumentID": 36,
        "PassageID": "D.6.2.",
        "Passage": "Principle 6 \u2013 Incorporation of climate-related financial risks into capital and liquidity adequacy processes. As part of their internal capital and liquidity adequacy assessment processes, relevant financial firms should consider climate-related financial risks that may impact their capital and liquidity positions over relevant time horizons (e.g., through their impact on traditional risk categories).\n"
    },
    {
        "ID": "2e559337-902c-43e6-8358-b4b0600ad229",
        "DocumentID": 36,
        "PassageID": "D.6.3.",
        "Passage": "Principle 6 \u2013 Incorporation of climate-related financial risks into capital and liquidity adequacy processes. For those financial firms required to complete an Internal Capital Adequacy Assessment Process (ICAAP), an Internal Liquidity Adequacy Assessment Process (ILAAP), an Own Risk and Solvency Assessment (ORSA), or a similar process, climate-related financial risks should be incorporated into these frameworks to consider and record any material impact on capital and liquidity adequacy.\n\n"
    },
    {
        "ID": "8324d6b1-c1ef-466b-982d-28712692f9e0",
        "DocumentID": 36,
        "PassageID": "D.7.",
        "Passage": "Principle 7 \u2013 Scenario analysis of climate-related financial risks. Where appropriate, relevant financial firms should develop and implement climate-related scenario analysis frameworks, including stress testing, in a manner commensurate with their size, complexity, risk profile and nature of activities.\n"
    },
    {
        "ID": "6fc2d6fc-4ef7-4bcd-a5d7-618cc80e2c77",
        "DocumentID": 36,
        "PassageID": "D.7.1.",
        "Passage": "Principle 7 \u2013 Scenario analysis of climate-related financial risks. Relevant financial firms should build sufficient capacity and expertise to develop and implement climate-related scenario analysis and stress testing programmes suited to their size, complexity, risk profile and nature of activities. These frameworks should include clearly defined objectives that reflect the firm\u2019s overall climate-related financial risk management strategies and objectives. While working to build adequate internal capabilities in climate scenario development and analysis, financial firms may utilise relevant existing or emerging climate scenarios, whether global or regional, general or purpose-built.\n"
    },
    {
        "ID": "16e7650a-3b70-4f97-9078-221e1e88fa7d",
        "DocumentID": 36,
        "PassageID": "D.7.2.",
        "Passage": "Principle 7 \u2013 Scenario analysis of climate-related financial risks. The objectives of scenario analysis could include, for example, exploring the impacts of climate-related financial risks on the financial firm\u2019s strategy and business model, identifying and measuring vulnerabilities to relevant climate-related financial risk factors including physical and transition risks, and estimating climate-related exposures and potential losses across a range of plausible scenarios.\n"
    },
    {
        "ID": "7f7d1393-d4c7-4331-9b06-b0900ea53fff",
        "DocumentID": 36,
        "PassageID": "D.7.3.",
        "Passage": "Principle 7 \u2013 Scenario analysis of climate-related financial risks. Financial firms should identify appropriate data inputs and suitable metrics to assess climate-related financial risks.\n"
    },
    {
        "ID": "781e351e-7000-4cf1-be8d-f4dfe42238e7",
        "DocumentID": 36,
        "PassageID": "D.7.4.",
        "Passage": "Principle 7 \u2013 Scenario analysis of climate-related financial risks. Scenarios should include a spectrum of plausible, relevant and severe climate pathways, and should cover the types of climate-related financial risks (physical, transition and/or liability risks) to which financial firms are exposed and that affect their businesses and risk profiles.\n"
    },
    {
        "ID": "f44d1b66-d561-4ee1-a30b-8d69ab7e47f3",
        "DocumentID": 36,
        "PassageID": "D.7.5.",
        "Passage": "Principle 7 \u2013 Scenario analysis of climate-related financial risks. Financial firms should conduct scenario analysis over a range of time horizons and assumptions while considering the benefits and limitations of such assumptions and the models. Short-term analysis is typically used to assess the impact on the firm\u2019s risk profile and business operations, while longer-term analysis facilitates assessment of business models in light of shifts in economic and financial system structures.\n"
    },
    {
        "ID": "0d20bb7f-b41a-45aa-a4f9-ca5ac89ac48b",
        "DocumentID": 36,
        "PassageID": "D.7.6.",
        "Passage": "Principle 7 \u2013 Scenario analysis of climate-related financial risks. Financial firms should use the results of scenario analysis as an input to analysing the adequacy of their existing risk management framework, including designing and implementing actions that mitigate the impact of identified climate-related financial risks. Results of the stress tests should also be considered as part of the internal capital and liquidity adequacy assessment processes, as detailed under Principle 6.\n"
    },
    {
        "ID": "9d76c0bd-1c90-43da-96d3-71d385996fde",
        "DocumentID": 36,
        "PassageID": "D.7.7.",
        "Passage": "Principle 7 \u2013 Scenario analysis of climate-related financial risks. Climate-related financial risk scenario analysis is a developing area and approaches are expected to evolve and mature over time. Nevertheless, a climate-related scenario analysis framework could, in the near term, assist financial firms in identifying data and methodological limitations and uncertainties in climate-related financial risk management, as well as helping inform the firm about the adequacy of its climate-related financial risk management framework.\n"
    },
    {
        "ID": "5941eac3-4d60-453f-a8a9-777056faaf73",
        "DocumentID": 36,
        "PassageID": "ANNEX",
        "Passage": "\n"
    },
    {
        "ID": "ab85a7e9-e87c-4f36-8249-e018a86f1e60",
        "DocumentID": 36,
        "PassageID": "ANNEX.1.",
        "Passage": "BCBS \u2013 Principles for the effective management and supervision of climate-related financial risks (June 2022)"
    },
    {
        "ID": "40f634ed-e685-46db-b822-3e5243f9ca01",
        "DocumentID": 36,
        "PassageID": "ANNEX.2.",
        "Passage": "BCBS \u2013 Climate-related financial risks: a survey on current initiatives (April 2020)"
    },
    {
        "ID": "b54a24d3-48fd-4a56-9c0f-f180d4111fcc",
        "DocumentID": 36,
        "PassageID": "ANNEX.3.",
        "Passage": "BCBS \u2013 Climate-related financial risks \u2013 measurement methodologies (April 2021)"
    },
    {
        "ID": "cf797f98-c976-4f9d-a4e0-0a1c03a85390",
        "DocumentID": 36,
        "PassageID": "ANNEX.4.",
        "Passage": "BCBS \u2013 Climate-related risk drivers and their transmission channels (April 2021)"
    },
    {
        "ID": "80e159b3-d41b-4443-837b-fbc6c31ac02a",
        "DocumentID": 36,
        "PassageID": "ANNEX.5.",
        "Passage": "BCBS \u2013 Frequently asked questions on climate-related financial risks (December 2022)"
    },
    {
        "ID": "8034a12d-33c6-43ba-ab18-7c8d9a5f59cb",
        "DocumentID": 36,
        "PassageID": "ANNEX.6.",
        "Passage": "Financial Stability Board (FSB) \u2013 Supervisory and Regulatory Approaches to Climate-related risks (October 2022)"
    },
    {
        "ID": "482be7ec-e6ab-481e-98dc-b52c3d5fcafb",
        "DocumentID": 36,
        "PassageID": "ANNEX.7.",
        "Passage": "FSB and NGFS \u2013 Climate Scenario Analysis by Jurisdictions (November 2022)"
    },
    {
        "ID": "232976e7-1f18-4828-8e23-a3a685c61c76",
        "DocumentID": 36,
        "PassageID": "ANNEX.8.",
        "Passage": "International Association of Insurance Supervisors \u2013 Application Paper on the Supervision of Climate-related Risks in the Insurance Sector (May 2021)"
    },
    {
        "ID": "c2b50671-d391-486a-82c4-2867734eb346",
        "DocumentID": 36,
        "PassageID": "ANNEX.9.",
        "Passage": "NGFS \u2013 Climate Scenarios (2022)"
    },
    {
        "ID": "3fe94210-8556-42c9-8a6c-46d2a2e7963c",
        "DocumentID": 36,
        "PassageID": "ANNEX.10.",
        "Passage": "NGFS \u2013 Guide for Supervisors: Integrating climate-related and environmental risks into prudential supervision (May 2020)\n\n"
    }
]