[
    {
        "ID": "6e599fa8-f527-4067-a7b8-967dc3ca0fc9",
        "DocumentID": 5,
        "PassageID": "1.",
        "Passage": "INTRODUCTION"
    },
    {
        "ID": "c209c39a-dac3-4c2d-9944-7cb31e64a70b",
        "DocumentID": 5,
        "PassageID": "1.1",
        "Passage": "Citation commencement and interpretation"
    },
    {
        "ID": "5e38fe26-a6af-4e8e-86c6-e345fafc4de7",
        "DocumentID": 5,
        "PassageID": "1.1.1",
        "Passage": "These Rules may be cited as the Fund Passporting Rules."
    },
    {
        "ID": "605038b1-7dda-4618-9414-c96ec706758e",
        "DocumentID": 5,
        "PassageID": "1.2",
        "Passage": "Application"
    },
    {
        "ID": "55201f30-4b48-4126-b458-1fa5f76ad01f",
        "DocumentID": 5,
        "PassageID": "1.2.1",
        "Passage": "These Rules apply to a Fund Manager of a Domestic Fund if:\n(a)\tthe Fund Manager has notified the Regulator of its intention to register the Domestic Fund as a Passported Fund under these Rules; or\n(b)\tthe Fund Manager and Domestic Fund are included on the Register of Passported Funds."
    },
    {
        "ID": "001bb85b-c0e1-4aba-960e-3d219f2ab6c8",
        "DocumentID": 5,
        "PassageID": "1.2.2",
        "Passage": "These Rules also apply to an Agent and any other Licensed Person who Promotes a Passported Fund in or from ADGM."
    },
    {
        "ID": "02bffead-aa0b-4493-b95e-c83b94087a4a",
        "DocumentID": 5,
        "PassageID": "1.2.2.Guidance",
        "Passage": "\n\nNothing in these Rules prevents a Fund Manager, its Agent or any other Licensed Person from Promoting a Domestic Fund in another jurisdiction (the Host Jurisdiction) in accordance with the legislation (excluding the Passporting Rules) applicable in that other jurisdiction.\n"
    },
    {
        "ID": "3b83c5fb-0ee4-4c71-b1d2-a2b40f63242f",
        "DocumentID": 5,
        "PassageID": "2.",
        "Passage": "PASSPORTED FUNDS"
    },
    {
        "ID": "ad2cd3eb-f7a3-4699-8867-b7012262eed7",
        "DocumentID": 5,
        "PassageID": "2.1",
        "Passage": "Passported Funds"
    },
    {
        "ID": "d377d388-ac9f-4ba0-8443-f253eea11384",
        "DocumentID": 5,
        "PassageID": "2.1.1",
        "Passage": "A Domestic Fund that is registered as a Passported Fund in accordance with these Rules must be either a Public Fund or a Private Fund."
    },
    {
        "ID": "0d9c50fa-ec96-4e9a-a43f-0dc917495d8e",
        "DocumentID": 5,
        "PassageID": "2.1.2",
        "Passage": "If a Passported Fund is a Private Fund, the Fund Manager, its Agent and any other Licensed Person may Promote the Units in the Fund only by way of private placement to Professional Clients and if the initial subscription is not less than $50,000 (or its equivalent in another currency) or such larger initial subscription amount as may be called for in accordance with the legislation applicable in the Home Jurisdiction of the Passported Fund."
    },
    {
        "ID": "8020b9a2-c8ae-43b1-b618-d518c291dc53",
        "DocumentID": 5,
        "PassageID": "2.1.3",
        "Passage": "If a Passported Fund is a Public Fund, the Fund Manager, its Agent and any other Licensed Person may Promote Units in the Fund to Retail Clients and Professional Clients."
    },
    {
        "ID": "5d97c712-a299-4eef-b1fa-9b5b2fab26a1",
        "DocumentID": 5,
        "PassageID": "3.",
        "Passage": "PROMOTION OF PASSPORTED FUNDS"
    },
    {
        "ID": "35b3c8a6-4f9b-4db1-8974-c233407cbe20",
        "DocumentID": 5,
        "PassageID": "3.1",
        "Passage": "Passported Funds - Notification for Private Funds"
    },
    {
        "ID": "fc0b8fc5-86d2-400f-ae29-151acdc0faba",
        "DocumentID": 5,
        "PassageID": "3.1.1",
        "Passage": "This Section applies if the Regulator is the Home Regulator of a Private Fund."
    },
    {
        "ID": "ce022b89-e89b-428c-ba00-4a0fdfea87fb",
        "DocumentID": 5,
        "PassageID": "3.1.2",
        "Passage": "If the Fund Manager of a Private Fund wishes to use the passporting procedures under these Rules, it must notify the Regulator of its intention that the Private Fund be a Passported Fund."
    },
    {
        "ID": "0b22adef-8de9-4de3-91de-4c3dfda46b61",
        "DocumentID": 5,
        "PassageID": "3.1.3",
        "Passage": "The notice must:\n(a)\tbe in such form as the Regulator may from time to time determine;\n(b)\tidentify the Host Jurisdiction(s) in which the Private Fund will be Promoted;\n(c)\tidentify the Agents or Licensed Persons (if any) that will conduct the Promotion of the Private Fund;\n(d)\tinclude a copy of the Prospectus containing a disclaimer to the following effect:\n\u201cNo regulatory authority in the UAE has any responsibility for reviewing or verifying this prospectus or any other documents in connection with the promotion of this fund. Accordingly, no regulatory authority in the UAE has approved this prospectus or any other associated documents, nor taken any steps to verify the information set out herein, and therefore no regulatory authority in the UAE has any responsibility for the same.  This Passported Fund is a Private Fund and, accordingly, the units thereof may only be promoted to Professional Clients in [insert relevant Host Jurisdictions] by means of private placement.\"\n(e)\tinclude the relevant fee; and\n(f)\tcontain, and be accompanied by, such other information as the Regulator may reasonably require."
    },
    {
        "ID": "49f2d65b-c143-456c-8e45-d05767ba59c7",
        "DocumentID": 5,
        "PassageID": "3.1.4",
        "Passage": "The Regulator shall:\n(a)\tWithin five Business Days of receipt of the notice set out in Rule 3.1.2, and subject to Rule 3.1.5, provide notice of the intent to use the passporting procedures under these Rules to the Host Regulator(s) in the relevant Host Jurisdiction(s) where the Passported Fund is intended to be Promoted; and\n(b)\tpromptly following confirmation from the relevant Host Regulator(s) that its respective Register of Passported Funds has been updated to include the details of the Passported Fund:\n(i)\tpublish the details of the Passported Fund on the Register of Passported Funds; and\n(ii)\tnotify the Fund Manager that registration on the Register of Passported Funds is complete."
    },
    {
        "ID": "2f9bc2f5-72a6-45ee-8ec3-fac8a19ab60c",
        "DocumentID": 5,
        "PassageID": "3.1.5",
        "Passage": "The Regulator shall not transmit a notice under Rule 3.1.4\u200e(a):\n(a)\tif it considers that the Fund Manager or the Private Fund does not comply with, or it has reasonable grounds for determining that the Fund Manager or the Private Fund may in the future not comply with, applicable legislation including these Rules; or\n(b)\tif it considers that it is necessary and appropriate to refrain from doing so in order to further one or more of its objectives."
    },
    {
        "ID": "3d9f3de4-26a0-451d-8a89-3302fc516cca",
        "DocumentID": 5,
        "PassageID": "3.1.6",
        "Passage": "The Regulator shall immediately notify the Fund Manager of its decision not to transmit a notice in accordance with Rule 3.1.5."
    },
    {
        "ID": "9d4ca428-c87d-46ab-b3ec-11eea1ec5ec7",
        "DocumentID": 5,
        "PassageID": "3.1.7",
        "Passage": "On and following the earlier of:\n(a)\tthe Passported Fund appearing on the Register of Passported Funds of the relevant Host Jurisdiction(s) referred to in Rule3.1.3(b); or\n(b)\tthe Fund Manager being notified that registration on the Register of Passported Funds is complete in accordance with Rule \u200e3.1.4(b)(ii),\nthe Passported Fund may, subject to these Rules, be Promoted to Qualified Investors in the Host Jurisdiction(s) specified in its notification."
    },
    {
        "ID": "3f4f3ba0-340f-47ba-8ed0-d3ac6609cd0e",
        "DocumentID": 5,
        "PassageID": "3.1.8",
        "Passage": "If the Regulator receives notice from a Host Regulator stating that the name of the Passported Fund is not available for use in the relevant Host Jurisdiction because it is already in use, or the use of the name is subject to restriction in that Host Jurisdiction, then the Regulator shall require the Fund Manager to immediately cease Promotion of the Passported Fund and the Passported Fund to adopt, as soon as practicable, an alternative name in order to re-commence Promotion."
    },
    {
        "ID": "001f1eee-febb-4f75-97f2-429cb0f2fdd6",
        "DocumentID": 5,
        "PassageID": "3.1.9",
        "Passage": "If, at any time between the notification pursuant to Rule 3.1.2 and the commencement of Promotion in a Host Jurisdiction, the Fund Manager becomes aware of any material change, error, or omission reasonably likely to be relevant to such notification, the Fund Manager shall give written notice to the Regulator without delay. The Regulator will promptly provide the relevant Host Regulator with all relevant details of such material change, error or omission."
    },
    {
        "ID": "05992880-f8db-4ec8-8e02-79ab08521207",
        "DocumentID": 5,
        "PassageID": "3.1.10",
        "Passage": "If, as a result of any material change, error, or omission referred to in Rule 3.1.9, the Fund Manager will no longer comply with applicable legislation, including these Rules, or if the Regulator otherwise considers it necessary and appropriate in the circumstances, the Regulator shall take all due measures, including, if necessary, the de-registration of the Private Fund from the Register of Passported Funds in accordance with these Rules."
    },
    {
        "ID": "a519a367-7c09-4bb1-b094-62a3356772b5",
        "DocumentID": 5,
        "PassageID": "3.2",
        "Passage": "Passported Funds - Notification for Public Funds"
    },
    {
        "ID": "aa587fad-ea25-4898-a011-4db291dbc2ad",
        "DocumentID": 5,
        "PassageID": "3.2.1",
        "Passage": "This Section applies if the Regulator is the Home Regulator of a Public Fund."
    },
    {
        "ID": "9ca2c478-4456-4c79-b447-743632309a37",
        "DocumentID": 5,
        "PassageID": "3.2.2",
        "Passage": "If the Fund Manager of a Public Fund wishes to use the passporting procedures under these Rules, it must notify the Regulator of its intention that the Public Fund be a Passported Fund."
    },
    {
        "ID": "7776e337-a48b-499b-ac3d-3fbda51a3be3",
        "DocumentID": 5,
        "PassageID": "3.2.3",
        "Passage": "The notice must:\n(a)\tbe in such form as the Regulator may from time to time determine;\n(b)\tinclude a certification, given on behalf of the Fund Manager, to the effect that the Public Fund meets, and will continue to meet, the minimum requirements set out in Part 6 of these Rules;\n(c)\tidentify the Host Jurisdiction(s) in which the Public Fund will be Promoted;\n(d)\tidentify the Agents and Licensed Persons (if any) that will conduct the Promotion of the Public Fund;\n(e)\tinclude a copy of the Prospectus containing a disclaimer to the following effect:\n\u201cNo regulatory authority in the UAE has any responsibility for reviewing or verifying this prospectus or any other documents in connection with the promotion of this fund. Accordingly, no regulatory authority in the UAE has approved this prospectus or any other associated documents, nor taken any steps to verify the information set out herein, and therefore no regulatory authority in the UAE has any responsibility for the same.  This Passported Fund is a Public Fund and, accordingly, the units thereof may be promoted, including by means of a public offer of the units for public subscription, to persons in [insert relevant Host Jurisdictions].\";\n(f)\tinclude the relevant fee;\n(g)\tinclude a copy of the Key Investor Information Document (KIID) in both English and Arabic; and\n(h)\tcontain, and be accompanied by, such other information as the Regulator may reasonably require."
    },
    {
        "ID": "3c548ffe-2bd8-478f-8ddc-d55a1eb83d6e",
        "DocumentID": 5,
        "PassageID": "3.2.4",
        "Passage": "The Regulator shall:\n(a)\tWithin five Business Days of receipt of the notice set out in Rule 3.2.2, and subject to Rule 3.2.5, provide notice of the intent to use the passporting procedures under these Rules to the Host Regulator(s) in the relevant Host Jurisdiction(s) where the Passported Fund is intended to be Promoted; and\n(b)\tpromptly following confirmation from the relevant Host Regulator that its respective Register of Passported Funds has been updated to include the details of the Passported Fund:\n(i)\tpublish the details of the Passported Fund on the Register of Passported Funds; and\n(ii)\tnotify the Fund Manager that registration on the Register of Passported Funds is complete."
    },
    {
        "ID": "02c6d009-e171-41d6-adac-aaaaf2b66e5a",
        "DocumentID": 5,
        "PassageID": "3.2.5",
        "Passage": "The Regulator shall not transmit a notice under Rule 3.2.4\u200e(a):\n(a)\tif it considers that the Fund Manager or the Public Fund does not comply with, or it has reasonable grounds for determining that the Fund Manager or the Public Fund may in the future not comply with, applicable legislation, including these Rules; or\n(b)\tif it considers that it is necessary and appropriate to refrain from doing so in order to meet its objectives."
    },
    {
        "ID": "de227401-76fb-48e7-90c5-1fe0553a4657",
        "DocumentID": 5,
        "PassageID": "3.2.6",
        "Passage": "The Regulator shall immediately notify the Fund Manager of its decision not to transmit a notice in accordance with Rule 3.2.5."
    },
    {
        "ID": "e82080ca-0e92-42a3-bee1-65bb0031db70",
        "DocumentID": 5,
        "PassageID": "3.2.7",
        "Passage": "On and following the earlier of:\n(a)\tthe Passported Fund appearing on the Register of Passported Funds of the relevant Host Jurisdiction(s) referred to in Rule 3.2.4(b); or\n(b)\tthe Fund Manager being notified that registration on the Register of Passported Funds is complete in accordance with Rule 3.2.4(b)(ii),\nthe Passported Fund may, subject to these Rules, be Promoted to any Persons in the Host Jurisdiction(s) specified in its notification."
    },
    {
        "ID": "a4d63709-521f-4b71-8d91-d08491b84b8f",
        "DocumentID": 5,
        "PassageID": "3.2.8",
        "Passage": "If the Regulator receives notice from a Host Regulator stating that the name of the Passported Fund is not available for use in the relevant Host Jurisdiction because it is already in use, or the use of the name is subject to restriction in that Host Jurisdiction, then the Regulator shall require the Fund Manager to immediately cease Promotion of the Passported Fund and the Passported Fund to adopt, as soon as practicable, an alternative name in order to re-commence Promotion."
    },
    {
        "ID": "b27b7465-dcf2-43cf-a342-6f999ce5dadc",
        "DocumentID": 5,
        "PassageID": "3.2.9",
        "Passage": "If, at any time between the notification pursuant to Rule 3.2.2 and the commencement of Promotion in a Host Jurisdiction, the Fund Manager becomes aware of any material change, error, or omission reasonably likely to be relevant to such notification, the Fund Manager shall give written notice to the Regulator without delay.  The Regulator will promptly provide the relevant Host Regulator with all relevant details of the material change, error or omission."
    },
    {
        "ID": "9845037b-efae-4710-b7ca-81473eac1aee",
        "DocumentID": 5,
        "PassageID": "3.2.10",
        "Passage": "If, as a result of any material change, error, or omission referred to in Rule 3.2.9, the Fund Manager will no longer comply with applicable legislation, including these Rules, or if the Regulator otherwise considers it necessary in the circumstances, the Regulator shall take all due measures, including, if necessary, the de-registration of the Public Fund from the Register of Passported Funds in accordance with these Rules.\n"
    },
    {
        "ID": "f6fa1721-7daf-4df2-915c-fbfc42d3a4a4",
        "DocumentID": 5,
        "PassageID": "4.",
        "Passage": "REGISTRATION OF PASSPORTED FUNDS IN HOST JURISDICTION"
    },
    {
        "ID": "48f27365-fb30-4d53-ae56-483a8928aad1",
        "DocumentID": 5,
        "PassageID": "4.1",
        "Passage": "Notifications received by the Host Regulator"
    },
    {
        "ID": "06124b4f-23f2-4465-801d-6a411c48b976",
        "DocumentID": 5,
        "PassageID": "4.1.1",
        "Passage": "This Part applies if the Regulator is the Host Regulator in relation to a Passported Fund."
    },
    {
        "ID": "a3e7ca71-f2a9-4124-b7c4-daa8b5823df7",
        "DocumentID": 5,
        "PassageID": "4.1.2",
        "Passage": "Promptly following receipt by the Regulator of a transmission from a Home Regulator to the effect that a Private Fund or Public Fund domiciled or registered in that jurisdiction is a Passported Fund, the Regulator will update its Register of Passported Funds to include details of that Passported Fund.  The Regulator will notify the relevant Home Regulator once the Register of Passported Funds has been updated."
    },
    {
        "ID": "56149e4f-fe51-4be1-88d0-dcc6f2487240",
        "DocumentID": 5,
        "PassageID": "4.1.3",
        "Passage": "As soon as that Register of Passported Funds has been updated pursuant to Rule 4.1.2, the Passported Fund may, in accordance with applicable legislation, including these Rules, be Promoted in ADGM:\n(a)\twhere the Passported Fund is a Private Fund, to Professional Clients in ADGM; and\n(b)\twhere the Passported Fund is a Public Fund, to any Persons in ADGM.\n"
    },
    {
        "ID": "53d9036b-1183-485d-9805-be69ffcb8d23",
        "DocumentID": 5,
        "PassageID": "5.",
        "Passage": "REGISTER OF PASSPORTED FUNDS"
    },
    {
        "ID": "d1aed598-cd7d-4d15-afbe-d089a9b2d17c",
        "DocumentID": 5,
        "PassageID": "5.1",
        "Passage": "Register of Passported Funds"
    },
    {
        "ID": "4ce9f2fb-fde4-4e84-833f-099d6f6aef61",
        "DocumentID": 5,
        "PassageID": "5.1.1",
        "Passage": "This Part applies if ADGM is the Home Jurisdiction or Host Jurisdiction of a Passported Fund."
    },
    {
        "ID": "5a36e0f8-2d71-4e29-994c-d7a476ab583f",
        "DocumentID": 5,
        "PassageID": "5.1.2",
        "Passage": "The Regulator must at all times establish and maintain a Register of Passported Funds."
    },
    {
        "ID": "0e3ecb9e-3e39-4d30-b1b7-4f8e54d3d97f",
        "DocumentID": 5,
        "PassageID": "5.1.3",
        "Passage": "The Register of Passported Funds must include the prescribed details of:\n(a)\teach Passported Fund accepted for registration by the Regulator as Home Regulator, and\n(b)\teach Passported Fund notified to the Regulator as Host Regulator by another Authority."
    },
    {
        "ID": "ff883b34-cd78-491b-9094-03f57a1e7ab0",
        "DocumentID": 5,
        "PassageID": "5.1.4",
        "Passage": "The Register of Passported Funds must include at a minimum the following information in relation to each Passported Fund appearing on it:\n(a)\tthe name and registered office of the Passported Fund;\n(b)\tthe name and registered office of the Fund Manager of the Passported Fund;\n(c)\tthe name(s) of the Agent(s) and Licensed Persons (if any) Promoting the Passported Fund;\n(d)\tin relation to a Passported Fund domiciled in ADGM, the fact that the Fund Manager is authorised by the Regulator and, in relation to a Passported Fund domiciled in another jurisdiction, the identity of the Authority that regulates the Fund Manager in that jurisdiction;\n(e)\twhether the Passported Fund is a Private Fund or a Public Fund; and\n(f)\tthe date of registration of the Passported Fund on the Register of Passported Funds."
    },
    {
        "ID": "392dd61b-9836-4287-946f-d0d82aaf93d7",
        "DocumentID": 5,
        "PassageID": "5.1.5",
        "Passage": "At the request of another Authority, the Regulator shall, as soon as practicable, make its Register of Passported Funds available to that Authority.\n"
    },
    {
        "ID": "97c004a9-07d6-466e-9d6c-993e6fc85ba1",
        "DocumentID": 5,
        "PassageID": "6.",
        "Passage": "MANAGEMENT AND OPERATION OF A PASSPORTED FUND"
    },
    {
        "ID": "b6fdda1c-75a2-44cd-991a-7251d4a4fd43",
        "DocumentID": 5,
        "PassageID": "6.1",
        "Passage": "Compliance with Constitution"
    },
    {
        "ID": "cf949def-770b-45a5-8b4d-85b83ef5a43f",
        "DocumentID": 5,
        "PassageID": "6.1.1",
        "Passage": "This Section applies if ADGM is the Home Jurisdiction of a Passported Fund."
    },
    {
        "ID": "5c83bccf-5a13-4741-9762-787c6f9e38f8",
        "DocumentID": 5,
        "PassageID": "6.1.2",
        "Passage": "The Fund Manager of a Passported Fund must:\n(a)\tensure that the Passported Fund is at all times managed and operated in compliance with its constitution, in accordance with applicable ADGM legislation, and with these Rules; and\n(b)\tmaintain, or cause to be maintained, a Unitholder register for the Passported Fund."
    },
    {
        "ID": "dee0e67d-13b6-45df-a553-242bf6eda997",
        "DocumentID": 5,
        "PassageID": "6.2",
        "Passage": "Ongoing Appointment of Fund Manager"
    },
    {
        "ID": "ed4456b4-b750-40e0-a9ba-729e782f9a20",
        "DocumentID": 5,
        "PassageID": "6.2.1",
        "Passage": "This Section applies if ADGM is the Home Jurisdiction or the Host Jurisdiction of a Passported Fund."
    },
    {
        "ID": "13548ced-b69d-4a24-b498-13dda4c500b3",
        "DocumentID": 5,
        "PassageID": "6.2.2",
        "Passage": "A Passported Fund must at all times have appointed a Fund Manager that is authorised by its Home Regulator to conduct the activity of fund management in its Home Jurisdiction."
    },
    {
        "ID": "280a8129-2841-4237-aa00-0e4309110ffe",
        "DocumentID": 5,
        "PassageID": "6.3",
        "Passage": "Promotion by Fund Managers, Agents and Licensed Persons"
    },
    {
        "ID": "1f9ed430-da87-4f8a-83ef-b37cd29482a5",
        "DocumentID": 5,
        "PassageID": "6.3.1",
        "Passage": "This Section applies if ADGM is the Host Jurisdiction of a Passported Fund."
    },
    {
        "ID": "2c921170-4bde-432d-b329-a7b288af62ee",
        "DocumentID": 5,
        "PassageID": "6.3.2",
        "Passage": "The Fund Manager, its Agent and any other Licensed Person, established or domiciled in the Home Jurisdiction, may Promote a Passported Fund in ADGM without the need for further authorisation or approval by the Regulator, provided that such Promotion activities are limited to the Passported Fund and ADGM is nominated as a Host Jurisdiction on the relevant Registers of Passported Funds maintained by the Regulator and the Authority of the Home Jurisdiction of the Passported Fund."
    },
    {
        "ID": "0074070f-2ba7-4aca-95f9-6f4b15a3cb2b",
        "DocumentID": 5,
        "PassageID": "6.3.3",
        "Passage": "In performing any activities in connection with the Promotion of a Passported Fund in ADGM, the Fund Manager, its Agent and any other Licensed Person must comply at all times with the legislation applicable to them in the Home Jurisdiction in which they are domiciled."
    },
    {
        "ID": "63fa42b5-43b2-4644-932d-7eca679ab569",
        "DocumentID": 5,
        "PassageID": "6.4",
        "Passage": "Additional Criteria for Public Funds"
    },
    {
        "ID": "f0694bf8-8d3e-4006-9a4e-e242ec173cfd",
        "DocumentID": 5,
        "PassageID": "6.4.1",
        "Passage": "This Section applies if ADGM is the Home Jurisdiction or Host Jurisdiction of the Passported Fund."
    },
    {
        "ID": "ad3fabf0-e15e-4d10-86ef-7b0197b17694",
        "DocumentID": 5,
        "PassageID": "6.4.2",
        "Passage": "The Fund Manager of a Passported Fund that is a Public Fund must ensure that it meets the minimum requirements for Public Funds set out in Appendix 1."
    },
    {
        "ID": "dbefc34a-965f-44e5-9f8c-4a0f22d36a28",
        "DocumentID": 5,
        "PassageID": "6.5",
        "Passage": "Custodian"
    },
    {
        "ID": "19cba7fc-687e-489c-9ed9-35129f86c221",
        "DocumentID": 5,
        "PassageID": "6.5.1",
        "Passage": "This Section applies if ADGM is the Home Jurisdiction or the Host Jurisdiction of the Passported Fund."
    },
    {
        "ID": "d260a7eb-7556-4f2b-be1e-76c217f4a2f2",
        "DocumentID": 5,
        "PassageID": "6.5.2",
        "Passage": "To the extent that, under the legislation of its Home Jurisdiction, a custodian is required to be appointed for a Private Fund, the Fund Manager of a Passported Fund that is a Private Fund must ensure that the custodian:\n(a)\tmeets all requirements as to eligibility and regulatory status as are imposed under the relevant legislation in its Home Jurisdiction; and\n(b)\tis not the Fund Manager."
    },
    {
        "ID": "3b9dc94c-bc83-44a2-8acb-9d80213a52b7",
        "DocumentID": 5,
        "PassageID": "6.5.3",
        "Passage": "The Fund Manager of a Passported Fund that is a Public Fund must ensure that, except in the case of a property fund, a custodian is appointed at all times in relation to the Fund.  Such custodian must:\n(a)\tbe authorised by the Securities and Commodities Authority to carry on the activity of providing custody or safekeeping and administration of property of a Fund if the Passported Public Fund is to be Promoted in the UAE from ADGM; and\n(b)\tnot be the Fund Manager."
    },
    {
        "ID": "5f101d17-b825-43b2-9904-2ac4f9e7546c",
        "DocumentID": 5,
        "PassageID": "6.5.4",
        "Passage": "Nothing in this section prevents a custodian appointing sub-custodians in the UAE or elsewhere."
    },
    {
        "ID": "fc4e561e-2ddc-4312-b3e3-bf1b54c5b652",
        "DocumentID": 5,
        "PassageID": "6.6",
        "Passage": "Reporting changes to the Regulator"
    },
    {
        "ID": "f702d48a-d3d4-4eaa-901c-6639d1bcb0bc",
        "DocumentID": 5,
        "PassageID": "6.6.1",
        "Passage": "This Section applies if the Regulator is the Home Regulator of a Passported Fund."
    },
    {
        "ID": "7a51b100-c0e6-41bd-809c-d2ae395a9898",
        "DocumentID": 5,
        "PassageID": "6.6.2",
        "Passage": "The Fund Manager of a Passported Fund must notify the Regulator as soon as practicable of any material events, in accordance with applicable ADGM legislation.  In particular (but without limitation), a Fund Manager or the governing body or trustee of a Passported Fund must notify the Regulator as soon as practicable (and in any case no later than seven days after it becomes aware) of any of the following events:\n(a)\tthe Fund Manager intends to retire as manager of the Passported Fund;\n(b)\tit is proposed that a successor manager will be appointed in relation to the Passported Fund;\n(c)\tthe Fund Manager has been removed or replaced as manager of the Passported Fund;\n(d)\tany material service provider to the Passported Fund (including, without limitation, any custodian) or an Agent or Licensed Person resigns, is appointed, is removed, or is replaced;\n(e)\tthe Prospectus relating to the Passported Fund has been amended or replaced;\n(f)\twinding-up of the Passported Fund has commenced; or\n(g)\tthe Fund Manager intends to vary or revoke its Financial Service Permission (or any conditions contained in that Financial Service Permission)."
    },
    {
        "ID": "a293c037-9b5d-4128-8318-f840f0264d1f",
        "DocumentID": 5,
        "PassageID": "6.6.3",
        "Passage": "The notification referred to in Rule 6.6.2 must be in such prescribed form as the Regulator may direct from time to time.  At a minimum, the notification must be accompanied by reasonable detail of the event and (where the Prospectus has been amended or replaced) a copy of the new Prospectus."
    },
    {
        "ID": "f1c064bd-93c8-459f-b7fa-fd9ed79b4669",
        "DocumentID": 5,
        "PassageID": "6.6.4",
        "Passage": "Upon receiving such a notification as described in Rule 6.6.2, the Regulator shall without undue delay notify the relevant Host Regulator of such changes."
    },
    {
        "ID": "a796efef-f047-4b09-8112-f4ce477ae760",
        "DocumentID": 5,
        "PassageID": "6.6.5",
        "Passage": "To the extent that a Fund Manager is already required to make a notification to the Regulator under the Fund Rules in relation to any matter, the provisions of this section do not require a further notification to be made."
    },
    {
        "ID": "4d19514b-355e-4e63-abb0-06defd7d53ed",
        "DocumentID": 5,
        "PassageID": "7.",
        "Passage": "FEES"
    },
    {
        "ID": "e6542eed-a624-40e2-8463-b85e1d2d1c00",
        "DocumentID": 5,
        "PassageID": "7.1",
        "Passage": "Notification Fees"
    },
    {
        "ID": "ba18d23d-abd9-467c-963d-81302ea07c90",
        "DocumentID": 5,
        "PassageID": "7.1.1",
        "Passage": "This Section applies if the Regulator is the Home Regulator in relation to a Passported Fund."
    },
    {
        "ID": "e1b06932-ba96-43b8-8c8c-2955a838b425",
        "DocumentID": 5,
        "PassageID": "7.1.2",
        "Passage": "A Fund Manager or its duly appointed Agent or Licensed Person notifying the Regulator of its intention that a Fund be a Passported Fund must pay a notification fee to the Regulator at such time of notification and fee annually thereafter as prescribed by the Fees Rules."
    },
    {
        "ID": "e953f6b5-a372-4f05-a7d2-251e5eee3684",
        "DocumentID": 5,
        "PassageID": "7.1.3",
        "Passage": "For the purposes of calculation of fees under Rule 7.1.2, where the Passported Fund is an Umbrella Fund, including, without limitation, in the form of a segregated portfolio company or cell company, the prescribed fees must be paid for each Sub-Fund, segregated portfolio or cell,  as the case may be, instead of the Umbrella Fund, segregated portfolio company or cell company."
    },
    {
        "ID": "110bc0cb-db05-470f-927c-cb0fc0ffb77e",
        "DocumentID": 5,
        "PassageID": "8.",
        "Passage": "DE-REGISTRATION OF PASSPORTED FUNDS"
    },
    {
        "ID": "d98a7cef-6a68-42dd-98ca-3d5b0e2c80a6",
        "DocumentID": 5,
        "PassageID": "8.1",
        "Passage": "De-registration by Home Regulator"
    },
    {
        "ID": "7e729222-1218-496a-8e7a-d4a116d5ffc3",
        "DocumentID": 5,
        "PassageID": "8.1.1",
        "Passage": "This Section applies if the Regulator is the Home Regulator of the Passported Fund."
    },
    {
        "ID": "a136f3b7-da88-4bfa-a35b-15f75e850610",
        "DocumentID": 5,
        "PassageID": "8.1.2",
        "Passage": "The Regulator may de-register a Passported Fund:\n(a)\ton its own initiative if either the Passported Fund or the Fund Manager is not complying, or is likely not to comply, with any applicable legislation, including these Rules, or in accordance with Rules 3.1.10 or 3.2.10;\n(b)\tat the written request of the Fund Manager;\n(c)\tupon the commencement of the winding-up of the Passported Fund; or\n(d)\tin respect of a specific Host Jurisdiction at the request of the Host Regulator of such Host  Jurisdiction."
    },
    {
        "ID": "26c131d1-5b5f-4a14-be41-bf609d3ddcba",
        "DocumentID": 5,
        "PassageID": "8.1.3",
        "Passage": "The Regulator will promptly update its Register of Passported Funds to reflect any de-registration."
    },
    {
        "ID": "b9b762c4-3c7f-46f2-adeb-d4e8eb39e82f",
        "DocumentID": 5,
        "PassageID": "8.1.4",
        "Passage": "Any removal of a Passported Fund from the Register of Passported Funds by the Regulator will be promptly notified to the Fund Manager and each relevant Host Regulator."
    },
    {
        "ID": "ebd19ac1-fa56-4880-a1e2-483381467fc2",
        "DocumentID": 5,
        "PassageID": "8.1.5",
        "Passage": "The Fund Manager, its Agents and any other Licensed Person must immediately cease all Promotion of the relevant Passported Fund in a Host Jurisdiction in accordance with these Rules upon the earlier of its removal from the Host Jurisdiction\u2019s Register of Passported Funds or the Register of Passported Funds maintained by the Regulator."
    },
    {
        "ID": "a608f02c-3e21-4c11-b8ab-56463a365923",
        "DocumentID": 5,
        "PassageID": "8.2",
        "Passage": "Notification of de-registration by Home Regulator"
    },
    {
        "ID": "66b396c9-11af-4669-9ca2-2be244baf88d",
        "DocumentID": 5,
        "PassageID": "8.2.1",
        "Passage": "This Section applies if the Regulator is the Host Regulator in relation to a Passported Fund."
    },
    {
        "ID": "ce268eb0-a721-436b-b8f0-f33576dd7297",
        "DocumentID": 5,
        "PassageID": "8.2.2",
        "Passage": "If a Home Regulator informs the Regulator that a Passported Fund has been de-registered and removed from the Register of Passported Funds maintained by that Home Regulator, the Regulator will promptly update the Register of Passported Funds maintained by it to reflect such de-registration."
    },
    {
        "ID": "4c5ee9d4-60c3-4a61-a020-402dbb168f7c",
        "DocumentID": 5,
        "PassageID": "8.2.3",
        "Passage": "All Promotion of the Passported Fund in ADGM pursuant to these Rules must immediately cease upon its removal from the earlier of the relevant Home Jurisdiction\u2019s Register of Passported Funds or the Register of Passported Funds maintained by the Regulator."
    },
    {
        "ID": "6341fb4a-5272-4fe9-9569-241e15a1c3ff",
        "DocumentID": 5,
        "PassageID": "9.",
        "Passage": "SUPERVISORY AND INVESTIGATORY POWERS"
    },
    {
        "ID": "1a753f70-270a-444e-93c6-2e959fec443f",
        "DocumentID": 5,
        "PassageID": "9.1",
        "Passage": "Requests for Assistance"
    },
    {
        "ID": "55845a06-d9c9-47e0-acdd-13f99f764a18",
        "DocumentID": 5,
        "PassageID": "9.1.1",
        "Passage": "This section applies if the Regulator is the Home Regulator in relation to a Passported Fund."
    },
    {
        "ID": "1be72169-3233-4c97-b920-8b9c1405b30a",
        "DocumentID": 5,
        "PassageID": "9.1.2",
        "Passage": "The Regulator may request assistance from the Host Regulator to separately conduct an investigation relating to the Passported Fund in the Host Jurisdiction.  Upon completion of an investigation, the Regulator will notify the relevant Host Regulator and provide it with a report of its findings, including any penalties imposed on the Fund Manager or any other Person in relation to the Passported Fund."
    },
    {
        "ID": "13d66bf1-ec20-4508-880d-05061577672c",
        "DocumentID": 5,
        "PassageID": "9.2",
        "Passage": "Inspections"
    },
    {
        "ID": "81c51935-d177-423d-835a-cd6e96d3adf9",
        "DocumentID": 5,
        "PassageID": "9.2.1",
        "Passage": "This section applies if the Regulator is the Home Regulator in relation to a Passported Fund."
    },
    {
        "ID": "4b0be867-2636-45f5-aced-e11dd90b21c6",
        "DocumentID": 5,
        "PassageID": "9.2.2",
        "Passage": "Where the Regulator receives a request from a Host Regulator to carry out an on-site inspection in relation to a Passported Fund, the Regulator shall, subject to Rule 9.3.2, permit such inspection and accompany it during the on-site inspection."
    },
    {
        "ID": "fe08868f-88fa-4d6b-8cdc-4d23585271e8",
        "DocumentID": 5,
        "PassageID": "9.2.3",
        "Passage": "Prior to the inspection, the Regulator shall receive the following from the Host Regulator:\n(a)\tinformation on the purpose of such a request and the names of officials from the Host Regulator that will be involved; and\n(b)\tcopies of public and non-public documents and information in the Host Regulator's possession that may assist in any inquiry and that may be reasonably relevant."
    },
    {
        "ID": "a3847ab6-4269-43fd-9749-a6da01a881d5",
        "DocumentID": 5,
        "PassageID": "9.3",
        "Passage": "Circumstances in which the Regulator may decline to act"
    },
    {
        "ID": "7f06837a-aee2-4cde-9a23-70dc11f60a95",
        "DocumentID": 5,
        "PassageID": "9.3.1",
        "Passage": "This section applies if the Regulator is the Home Regulator in relation to a Passported Fund."
    },
    {
        "ID": "cfff46fb-8811-4ce9-a5a9-a4f42576ca0c",
        "DocumentID": 5,
        "PassageID": "9.3.2",
        "Passage": "The Regulator may refuse to act on a request by a Host Regulator for cooperation in relation to an inspection in the following circumstances:\n(a)\tthe Regulator has already commenced, or concluded, enforcement action in respect of the same conduct and the same Persons; or\n(b)\tjudicial proceedings have already been initiated, or concluded, in respect of the same conduct and the same Persons."
    },
    {
        "ID": "0b1dd895-eefb-4684-ab70-8793f630136e",
        "DocumentID": 5,
        "PassageID": "9.4",
        "Passage": "Exercise of the Regulator's powers in relation to Passported Funds"
    },
    {
        "ID": "a47c9863-935b-4760-aa15-69e74ffa4cfc",
        "DocumentID": 5,
        "PassageID": "9.4.1",
        "Passage": "This Section applies if ADGM is the Home Jurisdiction or Host Jurisdiction in relation to the Promotion of a Passported Fund."
    },
    {
        "ID": "a5edc232-2251-4366-989d-1c9697ff0bb3",
        "DocumentID": 5,
        "PassageID": "9.4.2",
        "Passage": "The Regulator's powers may be exercised at the request of, or for the purpose of assisting, another Authority in relation to a Passported Fund."
    },
    {
        "ID": "c1b2495a-ba9b-4f01-8e9f-739427f3e18e",
        "DocumentID": 5,
        "PassageID": "9.4.3",
        "Passage": "If a request to exercise the powers of the Regulator has been submitted to the Regulator to exercise its powers under these Rules, the Regulator must, in deciding whether or not to exercise those powers in response to the request, consider whether it is necessary and permitted under applicable law to do so."
    },
    {
        "ID": "ab2c4bd2-4d79-4b15-9ead-ad3d9cc3363c",
        "DocumentID": 5,
        "PassageID": "9.4.4",
        "Passage": "In deciding whether or not to exercise its powers, the Regulator may take into account factors including, but not limited to, the following:\n(a)\twhether the case concerns the breach of a law, or other requirements, in ADGM;\n(b)\tthe seriousness of the case and its importance in the public interest to give the assistance sought; and\n(c)\twhether it would further one or more of the Regulator's statutory objectives."
    },
    {
        "ID": "5a4aa2dc-9eab-4fcc-9408-011c2031a673",
        "DocumentID": 5,
        "PassageID": "9.4.5",
        "Passage": "Nothing in this section limits any other powers that the Regulator may exercise at the request of, or for the purpose of assisting, another Authority."
    },
    {
        "ID": "8d995955-5ead-47d8-aebd-d79a1b8ff004",
        "DocumentID": 5,
        "PassageID": "9.5",
        "Passage": "Exercise of the Host Regulator\u2019s powers in relation to Passported Funds"
    },
    {
        "ID": "56ee8377-9224-49ec-a7b4-d0b074d16cdc",
        "DocumentID": 5,
        "PassageID": "9.5.1",
        "Passage": "This Section applies if the Regulator is the Host Regulator in relation to a Passported Fund."
    },
    {
        "ID": "722d2090-eec8-4ae1-8d98-db9a10f13e55",
        "DocumentID": 5,
        "PassageID": "9.5.2",
        "Passage": "If, despite the measures (if any) taken by a Home Regulator in relation to a Passported Fund, a Fund Manager's activities (or the activities of its Agent or any other Licensed Person that is Promoting the Passported Fund) in ADGM continue to be materially prejudicial to either:\n(a)\tthe Unitholders of the Passported Fund who are situated in ADGM; or\n(b)\tthe financial stability or the integrity of ADGM,\nthe Regulator may request urgent discussions with the Home Regulator who has the supervision and enforcement responsibilities in respect of the Passported Fund."
    },
    {
        "ID": "6a79069b-b2b7-4349-9fa6-ae21f98b3a02",
        "DocumentID": 5,
        "PassageID": "9.5.3",
        "Passage": "If the urgent discussions referred to in Rule 9.5.2 fail to resolve the issues to the satisfaction of the Regulator within a period that is reasonable in the circumstances, then the Regulator may take all appropriate measures needed in order to protect the interests of Unitholders domiciled in ADGM or the financial stability and integrity of the ADGM market."
    },
    {
        "ID": "d4ba7643-bc71-443d-aab5-fac9738f8ae5",
        "DocumentID": 5,
        "PassageID": "9.5.4",
        "Passage": "Subject to Rule 9.5.2, the Regulator may take any action that is necessary and appropriate to enable it to further its objectives, including, but not limited to:\n(a)\tpreventing the Fund Manager, its Agent or any other Licensed Person from further Promotion of the Passported Fund in ADGM, including de-registering the relevant Passported Fund from its Register of Passported Funds; and\n(b)\timposing a penalty on the Fund Manager, its Agent or any other Licensed Person, of such amount as it considers appropriate under  applicable ADGM legislation, following consultation with the Home Regulator.\n\n"
    },
    {
        "ID": "ab864f3a-f939-4913-830a-2b421f2c8c91",
        "DocumentID": 5,
        "PassageID": "APP 1",
        "Passage": "PASSPORTED PUBLIC FUND MINIMUM CRITERIA"
    },
    {
        "ID": "98ae513a-2112-490d-92ef-b8d981704aef",
        "DocumentID": 5,
        "PassageID": "APP 1.1.",
        "Passage": "The incorporation and other legal formalities relating to the formation of the Public Fund are completed."
    },
    {
        "ID": "7ff1c23c-149a-4ecd-91e8-1c3841670651",
        "DocumentID": 5,
        "PassageID": "APP 1.2.",
        "Passage": "The Public Fund, if it is an investment trust, has a trustee which meets the requirements set out for acting as a trustee of a Public Fund in the Home Jurisdiction."
    },
    {
        "ID": "85267793-19dc-477b-9d15-0ae10f4debad",
        "DocumentID": 5,
        "PassageID": "APP 1.3.",
        "Passage": "The Fund Manager has appointed an auditor who complies with the relevant audit Rules in the Home Jurisdiction."
    },
    {
        "ID": "783252a5-99f7-4d83-8e43-9906c2bde2b7",
        "DocumentID": 5,
        "PassageID": "APP 1.4.",
        "Passage": "The Prospectus is available in English."
    },
    {
        "ID": "74053348-fb38-418b-80e7-178c6eeb051d",
        "DocumentID": 5,
        "PassageID": "APP 1.5.",
        "Passage": "The Prospectus contains, at a minimum, the information prescribed in the following table.\n\n/Table Start\n1.\tDocument Status\tA statement that this document is the Prospectus of the Public Fund and is valid as at a particular date which shall be the date of the Prospectus.\n2.\tDescription of the Fund\tInformation detailing:\n\n(a)\tthe name of the Public Fund and the fact that it is a Public Fund established in its Home Jurisdiction;\n\n(b)\tthe effective date of commencement of the Public Fund's operations and, if the duration of the Public Fund is not unlimited, when it will or may terminate;\n\n(c)\tthe legal structure of the Public Fund;\n\n(d)\tthe basis upon which persons are eligible to participate in the Public Fund and, where applicable, the minimum initial investment;\n\n(e)\tthat the Unitholders are not liable for the debts of the Public Fund, unless the applicable legislation in its Home Jurisdiction prescribes otherwise and, if so, a statement specifying the circumstances in which Unitholders may be so liable;\n\n(f)\tthe base currency of the Public Fund and, where relevant, the maximum and minimum sizes of the Public Fund's capital;\n\n(g)\tthe circumstances in which the Public Fund may be wound up; and\n\n(h)\tthat no Units will be issued on the basis of the Prospectus after the expiry date specified in the Prospectus.\n3.\tInvestment Objectives and Policy\tSufficient information to enable a Unitholder or prospective Unitholder to ascertain:\n\n(a)\tthe investment objectives of the Public Fund and its investment policy for achieving those investment objectives;\n\n(b)\tthe Public Fund\u2019s policy and any operating restrictions in relation to the use of debt;\n\n(c)\ta description of any restrictions in the assets in which investment may be made; and\n\n(d)\tthe extent (if any) to which that investment policy does not envisage remaining fully invested at all times.\n\nIf intended, whether the fund property may consist of Units in Funds which are managed by or operated by the Fund Manager or by one of its associates and a statement specifying:\n\n(a)\tthe basis of the maximum amount of the charges in respect of transactions in the Fund invested in; and\n\n(b)\tthe extent to which any such charges will be reimbursed to the Public Fund.\n4.\tThe characteristics of Units in the Public Fund\tInformation as to:\n\n(a)\tthe names of the classes of Units of the Public Fund in issue or available for issue and the rights attached to them in so far as they vary from the rights attached to other classes of Units in the Public Fund;\n\n(b)\thow Unitholders may exercise their voting rights and what they are; and\n\n(c)\tthe circumstances where a mandatory redemption, cancellation or conversion of a Unit from one class to another may be required.\n5.\tThe Fund Manager\tThe following particulars of the Fund Manager:\n\n(a)\tits name, the jurisdiction in which the Fund Manager is incorporated and the date of such incorporation;\n\n(b)\tconfirmation that the Fund Manager has been authorized to Manage a Collective Investment Fund by its Home Regulator;\n\n(c)\tits address;\n\n(d)\tthe names and brief biographies of the directors and other officers of the Fund Manager;\n\n(e)\tif it is a subsidiary, the name of its ultimate holding company and the country or territory in which that holding company is incorporated;\n\n(f)\tthe amount of its issued share capital and how much of it is paid up; and\n\n(g)\ta summary of the material provisions of the contract between the Public Fund and its Fund Manager which may be relevant to Unitholders, including provisions relating to termination, compensation on termination and indemnity.\n6.\tDirectors and other Officers\tIf the Public Fund has directors or other officers, the names and brief biographies of the directors and other officers of the Public Fund.\n7.\tService Providers and Advisers\tIf a Fund Manager delegates any activities or outsources any functions to a Service Provider, or if an investment adviser is retained in connection with the business of the Public Fund:\n\n(a)\tits name;\n\n(b)\tthe identity of the regulator responsible for supervising the Service Provider; and\n\n(c)\tdetails of the arrangements.\n\n8.\tThe Auditor, Custodian and Trustee\tThe name of the auditor, the name of the custodian and (if applicable) the name of the Trustee.\n9.\tThe Register of Unitholders\tDetails of the address where the register of Unitholders is kept in the relevant Jurisdiction and can be inspected by Unitholders of the Public Fund.\n10.\tPayments out of the Fund Property\tThe payments that may be made out of the Fund Property to any person, whether by way of remuneration for services, or reimbursement of expenses. For each category of remuneration or expense, the following should be specified in a manner which is clear, concise and understandable for Retail Clients where the Public Fund is to be offered:\n\n(a)\tthe current rates or amounts of such remuneration;\n\n(b)\thow the remuneration will be calculated and accrue and when it will be paid;\n\n(c)\thow notice will be given to Unitholders of the Fund Manager's intention to:\n\n(i)\tintroduce a new category of remuneration for its services;\n\n(ii)\tincrease the basis of any current charge;\n\n(iii)\tchange the basis of the treatment of a payment from the capital property; and\n\n(iv)\tparticulars of that introduction or increase and when it will take place;\n\n(d)\tthe types of any other charges and expenses that may be taken out of the Fund Property; and\n\n(e)\tif all or part of the remuneration or expenses are to be treated as a capital charge:\n\n(i)\tthat fact; and\n\n(ii)\tthe basis of the charges which may be so treated.\n11.\tDealing\tDetails of:\n\n(a)\tthe dealing days and times in the dealing day on which the Fund Manager will receive requests for the sale and redemption of Units;\n\n(b)\tthe procedures for effecting:\n\n(i)\tthe issue, sale and redemption (including in specie) of Units; and\n\n(ii)\tthe settlement of transactions;\n\n(c)\tthe steps required to be taken by a Unitholder in redeeming Units before he can receive the proceeds, including any relevant notice periods, and the circumstances and periods in which a deferral of payment may be applied;\n\n(d)\tthe circumstances in which the redemption of Units may be suspended;\n\n(e)\tdetails of the minimum number or value of each type of Unit in the Public Fund which:\n\n(i)\tany one person may hold; and\n\n(ii)\tmay be the subject of any one transaction of issue, sale or redemption by the Fund Manager;\n\n(f)\tthe circumstances in which the further issue of Units in any particular class may be limited and the procedures relating to this.\n12.\tValuation of the Fund Property\tDetails as to:\n\n(a)\thow frequently and at what times of the day the Fund Property will be regularly valued to determine the price at which Units in the Public Fund may be purchased from or redeemed by the Fund Manager and a description of any circumstance where the Fund Property may be specially valued;\n\n(b)\tin relation to each purpose for which the Fund Property must be valued, the basis on which it will be valued;\n\n(c)\thow the single price of Units of each class will be determined, including whether a forward or historic price basis is to be applied;\n\n(d)\tdetails as to how the prices of Units will be published following each valuation; and\n\n(e)\tif valuation is to be suspended under certain circumstances, details of such circumstances.\n\n13.\tSale and Redemption Charges\tIf the Fund Manager imposes any charges on sale or redemption of Units, details of the charging structure and how notice will be provided to Unitholders of any change in the relevant charge.\n\n14.\tFinancial Reports\tDetails as to:\n\n(a)\twhen annual and interim reports will be published; and\n\n(b)\tthe address in the relevant Jurisdiction at which copies of the Fund Constitution, any amending instrument and the most recent annual and interim reports may be inspected and from which copies may be obtained.\n\n15.\tInformation in respect of Umbrella Funds\tIn the case of an Umbrella Fund, the following information:\n\n(a)\tthat a Unitholder may exchange Units in one Sub-Fund for Units in another Sub-Fund and that such an exchange is treated as a redemption and sale;\n\n(b)\twhat charges may be made on exchanging Units in one Sub-Fund for Units in other Sub-Funds;\n\n(c)\tthe policy for allocating between Sub-Funds any assets of, or costs, charges and expenses payable out of, the Fund Property which are not attributable to any particular Sub-Fund;\n\n(d)\tin respect of each Sub-Fund, the currency in which the Fund Property allocated to it will be valued and the price of Units calculated and payments made, if this currency is not the base currency of the Umbrella Fund; and\n\n(e)\tin the case of an Umbrella Fund that is not formed as a protected cell company, in the event of such an Umbrella Fund being unable to meet liabilities attributable to any particular Sub-Fund out of the assets attributable to that Sub-Fund, the remaining liabilities may have to be met out of the assets attributable to other Sub-Funds (i.e., that the Sub-Funds are not \"ring fenced\").\n\n16.\tKey Investor Information Document (KIID) \tA summary of the key features of the fund in Arabic and English\n\n/Table End"
    }
]